"game_id","home_team","away_team","period_id","event_no","description","time_remaining","on_ice_situation","home_goals","away_goals","leader","team","event","first_player","first_number","second_player","second_number","third_player","third_number","shot_type","shot_result","goalie_involved","penalty","penalty_length","penalty_type","penalty_called","offensive_player_one","offensive_player_two","offensive_player_three","offensive_player_four","offensive_player_five","home_goalie","away_goalie"
268078,"CTW","BUF",1,3,"#24 Sarah Hughson giveaway to #4 Marie-Jo Pelletier1 GvA1 TkA","19:47","Even Strength","0","0","T","ConnecticutCTW","Giveaway","Sarah Hughson",24,"Marie-Jo Pelletier",4,NA,NA,NA,NA,NA,0,NA,NA,NA,NA,NA,NA,NA,NA,"Sonjia Shelly","Mariah Fujimagari"
268078,"CTW","BUF",1,4,"#4 Marie-Jo Pelletier giveaway to #6 Shannon Doyle1 GvA1 TkA","19:43","Even Strength","0","0","T","BuffaloBUF","Giveaway","Marie-Jo Pelletier",4,"Shannon Doyle",6,NA,NA,NA,NA,NA,0,NA,NA,NA,NA,NA,NA,NA,NA,"Sonjia Shelly","Mariah Fujimagari"
268078,"CTW","BUF",1,5,"#22 Becki Bowering saved by #31 Sonjia Shelly","19:11","Even Strength","0","0","T","BuffaloBUF","Shot","Becki Bowering",22,"Sonjia Shelly",31,NA,NA,NA,"saved","Sonjia Shelly",0,NA,NA,NA,NA,NA,NA,NA,NA,"Sonjia Shelly","Mariah Fujimagari"
268078,"CTW","BUF",1,6,"#19 Ashley Birdsall blocked by #21 Sarah Schwenzfeier1 Blk","18:24","Even Strength","0","0","T","BuffaloBUF","Shot BLK","Ashley Birdsall",19,"Sarah Schwenzfeier",21,NA,NA,NA,"blocked","Sonjia Shelly",0,NA,NA,NA,NA,NA,NA,NA,NA,"Sonjia Shelly","Mariah Fujimagari"
268078,"CTW","BUF",1,7,"#88 Sara Bustad faceoff won against #16 Hanna Beattie","17:59","Even Strength","0","0","T","BuffaloBUF","Faceoff","Sara Bustad",88,"Hanna Beattie",16,NA,NA,NA,NA,NA,0,NA,NA,NA,NA,NA,NA,NA,NA,"Sonjia Shelly","Mariah Fujimagari"
268078,"CTW","BUF",1,8,"#22 Becki Bowering faceoff won against #16 Hanna Beattie","17:26","Even Strength","0","0","T","BuffaloBUF","Faceoff","Becki Bowering",22,"Hanna Beattie",16,NA,NA,NA,NA,NA,0,NA,NA,NA,NA,NA,NA,NA,NA,"Sonjia Shelly","Mariah Fujimagari"
268078,"CTW","BUF",1,9,"#8 Erin Hall giveaway to #23 Corinne Buie1 GvA1 TkA","17:02","Even Strength","0","0","T","ConnecticutCTW","Giveaway","Erin Hall",8,"Corinne Buie",23,NA,NA,NA,NA,NA,0,NA,NA,NA,NA,NA,NA,NA,NA,"Sonjia Shelly","Mariah Fujimagari"
268078,"CTW","BUF",1,10,"#26 Jordan Brickner Holding against #8 Iveta KlimasovaMinor 2 minsPower Play","15:57","Power Play","0","0","T","ConnecticutCTW","Penalty","Jordan Brickner",26,"Iveta Klimasova",8,NA,NA,NA,NA,NA,1,"2 mins","Minor","Holding",NA,NA,NA,NA,NA,"Sonjia Shelly","Mariah Fujimagari"
268078,"CTW","BUF",1,11,"#95 Taylor Accursi blocked by #14 Elena Orlando1 Blk","15:54","Power Play","0","0","T","BuffaloBUF","Shot BLK","Taylor Accursi",95,"Elena Orlo",14,NA,NA,NA,"blocked","Sonjia Shelly",0,NA,NA,NA,NA,NA,NA,NA,NA,"Sonjia Shelly","Mariah Fujimagari"
268078,"CTW","BUF",1,12,"#22 Becki Bowering faceoff won against #21 Sarah Schwenzfeier","15:46","Power Play","0","0","T","BuffaloBUF","Faceoff","Becki Bowering",22,"Sarah Schwenzfeier",21,NA,NA,NA,NA,NA,0,NA,NA,NA,NA,NA,NA,NA,NA,"Sonjia Shelly","Mariah Fujimagari"
268078,"CTW","BUF",1,13,"#88 Sara Bustad faceoff won against #16 Hanna Beattie","15:40","Power Play","0","0","T","BuffaloBUF","Faceoff","Sara Bustad",88,"Hanna Beattie",16,NA,NA,NA,NA,NA,0,NA,NA,NA,NA,NA,NA,NA,NA,"Sonjia Shelly","Mariah Fujimagari"
268078,"CTW","BUF",1,14,"#23 Corinne Buie saved by #31 Sonjia Shelly","15:35","Power Play","0","0","T","BuffaloBUF","Shot","Corinne Buie",23,"Sonjia Shelly",31,NA,NA,NA,"saved","Sonjia Shelly",0,NA,NA,NA,NA,NA,NA,NA,NA,"Sonjia Shelly","Mariah Fujimagari"
268078,"CTW","BUF",1,15,"#5 Lenka Curmova from #4 Marie-Jo Pelletier and #23 Corinne BuieWrist shotPower Play1 - 0 BUF","15:31","Power Play","0 ","1","BUF","BuffaloBUF","PP Goal","Lenka Curmova",5,"Marie-Jo Pelletier",4,"Corinne Buie",23,"Wrist shot","made","Sonjia Shelly",0,NA,NA,NA,NA,NA,NA,NA,NA,"Sonjia Shelly","Mariah Fujimagari"
268078,"CTW","BUF",1,16,"#14 Elena Orlando saved by #37 Mariah Fujimagari","13:00","Power Play","0 ","1","BUF","ConnecticutCTW","Shot","Elena Orlo",14,"Mariah Fujimagari",37,NA,NA,NA,"saved","Mariah Fujimagari",0,NA,NA,NA,NA,NA,NA,NA,NA,"Sonjia Shelly","Mariah Fujimagari"
268078,"CTW","BUF",1,17,"#6 Shannon Doyle blocked by #17 Cassidy MacPherson1 Blk","13:09","Even Strength","0 ","1","BUF","ConnecticutCTW","Shot BLK","Shannon Doyle",6,"Cassidy MacPherson",17,NA,NA,NA,"blocked","Mariah Fujimagari",0,NA,NA,NA,NA,NA,NA,NA,NA,"Sonjia Shelly","Mariah Fujimagari"
268078,"CTW","BUF",1,18,"#15 Emma Vlasic faceoff won against #88 Sara Bustad","12:40","Even Strength","0 ","1","BUF","ConnecticutCTW","Faceoff","Emma Vlasic",15,"Sara Bustad",88,NA,NA,NA,NA,NA,0,NA,NA,NA,NA,NA,NA,NA,NA,"Sonjia Shelly","Mariah Fujimagari"
268078,"CTW","BUF",1,19,"#95 Taylor Accursi Tripping against #8 Erin HallMinor 2 minsPower Play","10:32","Power Play","0 ","1","BUF","BuffaloBUF","Penalty","Taylor Accursi",95,"Erin Hall",8,NA,NA,NA,NA,NA,1,"2 mins","Minor","Tripping",NA,NA,NA,NA,NA,"Sonjia Shelly","Mariah Fujimagari"
268078,"CTW","BUF",1,20,"#6 Shannon Doyle giveaway to #23 Corinne Buie1 GvA2 TkA","9:40","Power Play","0 ","1","BUF","ConnecticutCTW","Giveaway","Shannon Doyle",6,"Corinne Buie",23,NA,NA,NA,NA,NA,0,NA,NA,NA,NA,NA,NA,NA,NA,"Sonjia Shelly","Mariah Fujimagari"
268078,"CTW","BUF",1,21,"#15 Emma Vlasic faceoff won against #21 Kim Brown","9:37","Power Play","0 ","1","BUF","ConnecticutCTW","Faceoff","Emma Vlasic",15,"Kim Brown",21,NA,NA,NA,NA,NA,0,NA,NA,NA,NA,NA,NA,NA,NA,"Sonjia Shelly","Mariah Fujimagari"
268078,"CTW","BUF",1,22,"#4 Taylor Marchin blocked by #19 Ashley Birdsall1 Blk","8:00","Power Play","0 ","1","BUF","ConnecticutCTW","Shot BLK","Taylor Marchin",4,"Ashley Birdsall",19,NA,NA,NA,"blocked","Mariah Fujimagari",0,NA,NA,NA,NA,NA,NA,NA,NA,"Sonjia Shelly","Mariah Fujimagari"
268078,"CTW","BUF",1,23,"#16 Hanna Beattie faceoff won against #17 Cassidy MacPherson","7:27","Even Strength","0 ","1","BUF","ConnecticutCTW","Faceoff","Hanna Beattie",16,"Cassidy MacPherson",17,NA,NA,NA,NA,NA,0,NA,NA,NA,NA,NA,NA,NA,NA,"Sonjia Shelly","Mariah Fujimagari"
268078,"CTW","BUF",1,24,"#12 Kendra Broad saved by #37 Mariah Fujimagari","7:02","Even Strength","0 ","1","BUF","ConnecticutCTW","Shot","Kendra Broad",12,"Mariah Fujimagari",37,NA,NA,NA,"saved","Mariah Fujimagari",0,NA,NA,NA,NA,NA,NA,NA,NA,"Sonjia Shelly","Mariah Fujimagari"
268078,"CTW","BUF",1,25,"#11 Megan Delay Roughing against #12 Kendra BroadMinor 2 minsPower Play","7:02","Power Play","0 ","1","BUF","BuffaloBUF","Penalty","Megan Delay",11,"Kendra Broad",12,NA,NA,NA,NA,NA,1,"2 mins","Minor","Roughing",NA,NA,NA,NA,NA,"Sonjia Shelly","Mariah Fujimagari"
268078,"CTW","BUF",1,26,"#15 Emma Vlasic faceoff won against #21 Kim Brown","7:02","Power Play","0 ","1","BUF","ConnecticutCTW","Faceoff","Emma Vlasic",15,"Kim Brown",21,NA,NA,NA,NA,NA,0,NA,NA,NA,NA,NA,NA,NA,NA,"Sonjia Shelly","Mariah Fujimagari"
268078,"CTW","BUF",1,27,"#6 Shannon Doyle Hooking against #21 Kim BrownMinor 2 minsPower Play","6:20","Power Play","0 ","1","BUF","ConnecticutCTW","Penalty","Shannon Doyle",6,"Kim Brown",21,NA,NA,NA,NA,NA,1,"2 mins","Minor","Hooking",NA,NA,NA,NA,NA,"Sonjia Shelly","Mariah Fujimagari"
268078,"CTW","BUF",1,28,"#23 Corinne Buie faceoff won against #21 Sarah Schwenzfeier","6:20","Power Play","0 ","1","BUF","BuffaloBUF","Faceoff","Corinne Buie",23,"Sarah Schwenzfeier",21,NA,NA,NA,NA,NA,0,NA,NA,NA,NA,NA,NA,NA,NA,"Sonjia Shelly","Mariah Fujimagari"
268078,"CTW","BUF",1,29,"#5 Lenka Curmova blocked by #21 Sarah Schwenzfeier2 Blk","6:06","Power Play","0 ","1","BUF","BuffaloBUF","Shot BLK","Lenka Curmova",5,"Sarah Schwenzfeier",21,NA,NA,NA,"blocked","Sonjia Shelly",0,NA,NA,NA,NA,NA,NA,NA,NA,"Sonjia Shelly","Mariah Fujimagari"
268078,"CTW","BUF",1,30,"#23 Corinne Buie blocked by #4 Taylor Marchin1 Blk","5:50","Power Play","0 ","1","BUF","BuffaloBUF","Shot BLK","Corinne Buie",23,"Taylor Marchin",4,NA,NA,NA,"blocked","Sonjia Shelly",0,NA,NA,NA,NA,NA,NA,NA,NA,"Sonjia Shelly","Mariah Fujimagari"
268078,"CTW","BUF",1,31,"#2 Maddie Evangelous saved by #37 Mariah Fujimagari","5:17","Power Play","0 ","1","BUF","ConnecticutCTW","Shot","Maddie Evangelous",2,"Mariah Fujimagari",37,NA,NA,NA,"saved","Mariah Fujimagari",0,NA,NA,NA,NA,NA,NA,NA,NA,"Sonjia Shelly","Mariah Fujimagari"
268078,"CTW","BUF",1,32,"#2 Maddie Evangelous blocked by #15 Kandice Sheriff1 Blk","5:03","Power Play","0 ","1","BUF","ConnecticutCTW","Shot BLK","Maddie Evangelous",2,"Kice Sheriff",15,NA,NA,NA,"blocked","Mariah Fujimagari",0,NA,NA,NA,NA,NA,NA,NA,NA,"Sonjia Shelly","Mariah Fujimagari"
268078,"CTW","BUF",1,33,"#8 Iveta Klimasova blocked by #2 Maddie Evangelous1 Blk","4:20","Power Play","0 ","1","BUF","BuffaloBUF","Shot BLK","Iveta Klimasova",8,"Maddie Evangelous",2,NA,NA,NA,"blocked","Sonjia Shelly",0,NA,NA,NA,NA,NA,NA,NA,NA,"Sonjia Shelly","Mariah Fujimagari"
268078,"CTW","BUF",1,34,"#15 Kandice Sheriff blocked by #16 Hanna Beattie1 Blk","3:39","Even Strength","0 ","1","BUF","BuffaloBUF","Shot BLK","Kice Sheriff",15,"Hanna Beattie",16,NA,NA,NA,"blocked","Sonjia Shelly",0,NA,NA,NA,NA,NA,NA,NA,NA,"Sonjia Shelly","Mariah Fujimagari"
268078,"CTW","BUF",1,35,"#11 Megan Delay saved by #31 Sonjia Shelly","3:28","Even Strength","0 ","1","BUF","BuffaloBUF","Shot","Megan Delay",11,"Sonjia Shelly",31,NA,NA,NA,"saved","Sonjia Shelly",0,NA,NA,NA,NA,NA,NA,NA,NA,"Sonjia Shelly","Mariah Fujimagari"
268078,"CTW","BUF",1,36,"#95 Taylor Accursi Interference against #24 Sarah HughsonMinor 2 minsPower Play","2:48","Power Play","0 ","1","BUF","BuffaloBUF","Penalty","Taylor Accursi",95,"Sarah Hughson",24,NA,NA,NA,NA,NA,1,"2 mins","Minor","Interference",NA,NA,NA,NA,NA,"Sonjia Shelly","Mariah Fujimagari"
268078,"CTW","BUF",1,37,"#88 Sara Bustad faceoff won against #21 Sarah Schwenzfeier","2:48","Power Play","0 ","1","BUF","BuffaloBUF","Faceoff","Sara Bustad",88,"Sarah Schwenzfeier",21,NA,NA,NA,NA,NA,0,NA,NA,NA,NA,NA,NA,NA,NA,"Sonjia Shelly","Mariah Fujimagari"
268078,"CTW","BUF",1,38,"#6 Shannon Doyle blocked by #12 Ana Orzechowski1 Blk","1:41","Power Play","0 ","1","BUF","ConnecticutCTW","Shot BLK","Shannon Doyle",6,"Ana Orzechowski",12,NA,NA,NA,"blocked","Mariah Fujimagari",0,NA,NA,NA,NA,NA,NA,NA,NA,"Sonjia Shelly","Mariah Fujimagari"
268078,"CTW","BUF",1,39,"#94 Grace Klienbach faceoff won against #22 Becki Bowering","1:28","Power Play","0 ","1","BUF","ConnecticutCTW","Faceoff","Grace Klienbach",94,"Becki Bowering",22,NA,NA,NA,NA,NA,0,NA,NA,NA,NA,NA,NA,NA,NA,"Sonjia Shelly","Mariah Fujimagari"
268078,"CTW","BUF",1,40,"#26 Jordan Brickner saved by #37 Mariah Fujimagari","1:01","Power Play","0 ","1","BUF","ConnecticutCTW","Shot","Jordan Brickner",26,"Mariah Fujimagari",37,NA,NA,NA,"saved","Mariah Fujimagari",0,NA,NA,NA,NA,NA,NA,NA,NA,"Sonjia Shelly","Mariah Fujimagari"
268078,"CTW","BUF",1,41,"#24 Sarah Hughson giveaway to #4 Marie-Jo Pelletier2 GvA2 TkA","0:46","Even Strength","0 ","1","BUF","ConnecticutCTW","Giveaway","Sarah Hughson",24,"Marie-Jo Pelletier",4,NA,NA,NA,NA,NA,0,NA,NA,NA,NA,NA,NA,NA,NA,"Sonjia Shelly","Mariah Fujimagari"
268078,"CTW","BUF",2,42,"#15 Emma Vlasic faceoff won against #22 Becki Bowering","19:49","Even Strength","0 ","1","BUF","ConnecticutCTW","Faceoff","Emma Vlasic",15,"Becki Bowering",22,NA,NA,NA,NA,NA,0,NA,NA,NA,NA,NA,NA,NA,NA,"Sonjia Shelly","Mariah Fujimagari"
268078,"CTW","BUF",2,43,"#22 Becki Bowering faceoff won against #15 Emma Vlasic","19:49","Even Strength","0 ","1","BUF","BuffaloBUF","Faceoff","Becki Bowering",22,"Emma Vlasic",15,NA,NA,NA,NA,NA,0,NA,NA,NA,NA,NA,NA,NA,NA,"Sonjia Shelly","Mariah Fujimagari"
268078,"CTW","BUF",2,44,"#5 Lenka Curmova saved by #31 Sonjia Shelly","19:27","Even Strength","0 ","1","BUF","BuffaloBUF","Shot","Lenka Curmova",5,"Sonjia Shelly",31,NA,NA,NA,"saved","Sonjia Shelly",0,NA,NA,NA,NA,NA,NA,NA,NA,"Sonjia Shelly","Mariah Fujimagari"
268078,"CTW","BUF",2,45,"#4 Taylor Marchin saved by #37 Mariah Fujimagari","19:07","Even Strength","0 ","1","BUF","ConnecticutCTW","Shot","Taylor Marchin",4,"Mariah Fujimagari",37,NA,NA,NA,"saved","Mariah Fujimagari",0,NA,NA,NA,NA,NA,NA,NA,NA,"Sonjia Shelly","Mariah Fujimagari"
268078,"CTW","BUF",2,46,"#17 Cassidy MacPherson faceoff won against #21 Sarah Schwenzfeier","19:07","Even Strength","0 ","1","BUF","BuffaloBUF","Faceoff","Cassidy MacPherson",17,"Sarah Schwenzfeier",21,NA,NA,NA,NA,NA,0,NA,NA,NA,NA,NA,NA,NA,NA,"Sonjia Shelly","Mariah Fujimagari"
268078,"CTW","BUF",2,47,"#17 Cassidy MacPherson saved by #31 Sonjia Shelly","18:41","Even Strength","0 ","1","BUF","BuffaloBUF","Shot","Cassidy MacPherson",17,"Sonjia Shelly",31,NA,NA,NA,"saved","Sonjia Shelly",0,NA,NA,NA,NA,NA,NA,NA,NA,"Sonjia Shelly","Mariah Fujimagari"
268078,"CTW","BUF",2,48,"#21 Sarah Schwenzfeier faceoff won against #17 Cassidy MacPherson","18:41","Even Strength","0 ","1","BUF","ConnecticutCTW","Faceoff","Sarah Schwenzfeier",21,"Cassidy MacPherson",17,NA,NA,NA,NA,NA,0,NA,NA,NA,NA,NA,NA,NA,NA,"Sonjia Shelly","Mariah Fujimagari"
268078,"CTW","BUF",2,49,"#26 Jordan Brickner giveaway to #17 Cassidy MacPherson1 GvA1 TkA","18:30","Even Strength","0 ","1","BUF","ConnecticutCTW","Giveaway","Jordan Brickner",26,"Cassidy MacPherson",17,NA,NA,NA,NA,NA,0,NA,NA,NA,NA,NA,NA,NA,NA,"Sonjia Shelly","Mariah Fujimagari"
268078,"CTW","BUF",2,50,"#12 Kendra Broad saved by #37 Mariah Fujimagari","17:59","Even Strength","0 ","1","BUF","ConnecticutCTW","Shot","Kendra Broad",12,"Mariah Fujimagari",37,NA,NA,NA,"saved","Mariah Fujimagari",0,NA,NA,NA,NA,NA,NA,NA,NA,"Sonjia Shelly","Mariah Fujimagari"
268078,"CTW","BUF",2,51,"#16 Hanna Beattie faceoff won against #88 Sara Bustad","17:59","Even Strength","0 ","1","BUF","ConnecticutCTW","Faceoff","Hanna Beattie",16,"Sara Bustad",88,NA,NA,NA,NA,NA,0,NA,NA,NA,NA,NA,NA,NA,NA,"Sonjia Shelly","Mariah Fujimagari"
268078,"CTW","BUF",2,52,"#88 Sara Bustad giveaway to #8 Erin Hall1 GvA1 TkA","17:58","Even Strength","0 ","1","BUF","BuffaloBUF","Giveaway","Sara Bustad",88,"Erin Hall",8,NA,NA,NA,NA,NA,0,NA,NA,NA,NA,NA,NA,NA,NA,"Sonjia Shelly","Mariah Fujimagari"
268078,"CTW","BUF",2,53,"#15 Kandice Sheriff giveaway to #8 Erin Hall1 GvA2 TkA","17:49","Even Strength","0 ","1","BUF","BuffaloBUF","Giveaway","Kice Sheriff",15,"Erin Hall",8,NA,NA,NA,NA,NA,0,NA,NA,NA,NA,NA,NA,NA,NA,"Sonjia Shelly","Mariah Fujimagari"
268078,"CTW","BUF",2,54,"#88 Sara Bustad giveaway to #6 Shannon Doyle2 GvA2 TkA","17:25","Even Strength","0 ","1","BUF","BuffaloBUF","Giveaway","Sara Bustad",88,"Shannon Doyle",6,NA,NA,NA,NA,NA,0,NA,NA,NA,NA,NA,NA,NA,NA,"Sonjia Shelly","Mariah Fujimagari"
268078,"CTW","BUF",2,55,"#22 Becki Bowering faceoff won against #15 Emma Vlasic","17:08","Even Strength","0 ","1","BUF","BuffaloBUF","Faceoff","Becki Bowering",22,"Emma Vlasic",15,NA,NA,NA,NA,NA,0,NA,NA,NA,NA,NA,NA,NA,NA,"Sonjia Shelly","Mariah Fujimagari"
268078,"CTW","BUF",2,56,"#16 Hanna Beattie saved by #37 Mariah Fujimagari","17:07","Even Strength","0 ","1","BUF","ConnecticutCTW","Shot","Hanna Beattie",16,"Mariah Fujimagari",37,NA,NA,NA,"saved","Mariah Fujimagari",0,NA,NA,NA,NA,NA,NA,NA,NA,"Sonjia Shelly","Mariah Fujimagari"
268078,"CTW","BUF",2,57,"#22 Becki Bowering saved by #31 Sonjia Shelly","16:34","Even Strength","0 ","1","BUF","BuffaloBUF","Shot","Becki Bowering",22,"Sonjia Shelly",31,NA,NA,NA,"saved","Sonjia Shelly",0,NA,NA,NA,NA,NA,NA,NA,NA,"Sonjia Shelly","Mariah Fujimagari"
268078,"CTW","BUF",2,58,"#4 Marie-Jo Pelletier giveaway to #94 Grace Klienbach2 GvA1 TkA","16:03","Even Strength","0 ","1","BUF","BuffaloBUF","Giveaway","Marie-Jo Pelletier",4,"Grace Klienbach",94,NA,NA,NA,NA,NA,0,NA,NA,NA,NA,NA,NA,NA,NA,"Sonjia Shelly","Mariah Fujimagari"
268078,"CTW","BUF",2,59,"#8 Iveta Klimasova saved by #31 Sonjia Shelly","15:24","Even Strength","0 ","1","BUF","BuffaloBUF","Shot","Iveta Klimasova",8,"Sonjia Shelly",31,NA,NA,NA,"saved","Sonjia Shelly",0,NA,NA,NA,NA,NA,NA,NA,NA,"Sonjia Shelly","Mariah Fujimagari"
268078,"CTW","BUF",2,60,"#9 Kaycie Anderson saved by #37 Mariah Fujimagari","14:26","Even Strength","0 ","1","BUF","ConnecticutCTW","Shot","Kaycie Anderson",9,"Mariah Fujimagari",37,NA,NA,NA,"saved","Mariah Fujimagari",0,NA,NA,NA,NA,NA,NA,NA,NA,"Sonjia Shelly","Mariah Fujimagari"
268078,"CTW","BUF",2,61,"#15 Emma Vlasic faceoff won against #17 Cassidy MacPherson","13:22","Even Strength","0 ","1","BUF","ConnecticutCTW","Faceoff","Emma Vlasic",15,"Cassidy MacPherson",17,NA,NA,NA,NA,NA,0,NA,NA,NA,NA,NA,NA,NA,NA,"Sonjia Shelly","Mariah Fujimagari"
268078,"CTW","BUF",2,62,"#17 Cassidy MacPherson faceoff won against #15 Emma Vlasic","13:14","Even Strength","0 ","1","BUF","BuffaloBUF","Faceoff","Cassidy MacPherson",17,"Emma Vlasic",15,NA,NA,NA,NA,NA,0,NA,NA,NA,NA,NA,NA,NA,NA,"Sonjia Shelly","Mariah Fujimagari"
268078,"CTW","BUF",2,63,"#6 Shannon Doyle saved by #37 Mariah Fujimagari","13:12","Even Strength","0 ","1","BUF","ConnecticutCTW","Shot","Shannon Doyle",6,"Mariah Fujimagari",37,NA,NA,NA,"saved","Mariah Fujimagari",0,NA,NA,NA,NA,NA,NA,NA,NA,"Sonjia Shelly","Mariah Fujimagari"
268078,"CTW","BUF",2,64,"#7 Jane Morrisette faceoff won against #17 Cassidy MacPherson","12:58","Even Strength","0 ","1","BUF","ConnecticutCTW","Faceoff","Jane Morrisette",7,"Cassidy MacPherson",17,NA,NA,NA,NA,NA,0,NA,NA,NA,NA,NA,NA,NA,NA,"Sonjia Shelly","Mariah Fujimagari"
268078,"CTW","BUF",2,65,"#22 Becki Bowering faceoff won against #16 Hanna Beattie","11:36","Even Strength","0 ","1","BUF","BuffaloBUF","Faceoff","Becki Bowering",22,"Hanna Beattie",16,NA,NA,NA,NA,NA,0,NA,NA,NA,NA,NA,NA,NA,NA,"Sonjia Shelly","Mariah Fujimagari"
268078,"CTW","BUF",2,66,"#22 Becki Bowering saved by #31 Sonjia Shelly","11:20","Even Strength","0 ","1","BUF","BuffaloBUF","Shot","Becki Bowering",22,"Sonjia Shelly",31,NA,NA,NA,"saved","Sonjia Shelly",0,NA,NA,NA,NA,NA,NA,NA,NA,"Sonjia Shelly","Mariah Fujimagari"
268078,"CTW","BUF",2,67,"#12 Ana Orzechowski saved by #31 Sonjia Shelly","11:10","Even Strength","0 ","1","BUF","BuffaloBUF","Shot","Ana Orzechowski",12,"Sonjia Shelly",31,NA,NA,NA,"saved","Sonjia Shelly",0,NA,NA,NA,NA,NA,NA,NA,NA,"Sonjia Shelly","Mariah Fujimagari"
268078,"CTW","BUF",2,68,"#26 Jordan Brickner saved by #37 Mariah Fujimagari","10:13","Even Strength","0 ","1","BUF","ConnecticutCTW","Shot","Jordan Brickner",26,"Mariah Fujimagari",37,NA,NA,NA,"saved","Mariah Fujimagari",0,NA,NA,NA,NA,NA,NA,NA,NA,"Sonjia Shelly","Mariah Fujimagari"
268078,"CTW","BUF",2,69,"#15 Emma Vlasic faceoff won against #17 Cassidy MacPherson","10:01","Even Strength","0 ","1","BUF","ConnecticutCTW","Faceoff","Emma Vlasic",15,"Cassidy MacPherson",17,NA,NA,NA,NA,NA,0,NA,NA,NA,NA,NA,NA,NA,NA,"Sonjia Shelly","Mariah Fujimagari"
268078,"CTW","BUF",2,70,"#94 Grace Klienbach from #24 Sarah Hughson and #14 Elena OrlandoSnap shotEven Strength1 - 1 Tie","9:43","Even Strength","1 ","1","T","ConnecticutCTW","Goal","Grace Klienbach",94,"Sarah Hughson",24,"Elena Orloie",14,"Snap shot","made","Mariah Fujimagari",0,NA,NA,NA,"Emma Vlasic","Elena Orlando","Grace Klienbach","Sarah Hughson","Jordan Brickner","Sonjia Shelly","Mariah Fujimagari"
268078,"CTW","BUF",2,72,"#15 Emma Vlasic faceoff won against #88 Sara Bustad","9:23","Even Strength","1 ","1","T","ConnecticutCTW","Faceoff","Emma Vlasic",15,"Sara Bustad",88,NA,NA,NA,NA,NA,0,NA,NA,NA,NA,NA,NA,NA,NA,"Sonjia Shelly","Mariah Fujimagari"
268078,"CTW","BUF",2,73,"#24 Sarah Hughson saved by #37 Mariah Fujimagari","8:38","Even Strength","1 ","1","T","ConnecticutCTW","Shot","Sarah Hughson",24,"Mariah Fujimagari",37,NA,NA,NA,"saved","Mariah Fujimagari",0,NA,NA,NA,NA,NA,NA,NA,NA,"Sonjia Shelly","Mariah Fujimagari"
268078,"CTW","BUF",2,74,"#9 Kaycie Anderson giveaway to #8 Iveta Klimasova1 GvA1 TkA","8:09","Even Strength","1 ","1","T","ConnecticutCTW","Giveaway","Kaycie Anderson",9,"Iveta Klimasova",8,NA,NA,NA,NA,NA,0,NA,NA,NA,NA,NA,NA,NA,NA,"Sonjia Shelly","Mariah Fujimagari"
268078,"CTW","BUF",2,75,"#16 Hanna Beattie saved by #37 Mariah Fujimagari","7:05","Even Strength","1 ","1","T","ConnecticutCTW","Shot","Hanna Beattie",16,"Mariah Fujimagari",37,NA,NA,NA,"saved","Mariah Fujimagari",0,NA,NA,NA,NA,NA,NA,NA,NA,"Sonjia Shelly","Mariah Fujimagari"
268078,"CTW","BUF",2,76,"#88 Sara Bustad blocked by #6 Shannon Doyle1 Blk","5:51","Even Strength","1 ","1","T","BuffaloBUF","Shot BLK","Sara Bustad",88,"Shannon Doyle",6,NA,NA,NA,"blocked","Sonjia Shelly",0,NA,NA,NA,NA,NA,NA,NA,NA,"Sonjia Shelly","Mariah Fujimagari"
268078,"CTW","BUF",2,77,"#21 Sarah Schwenzfeier blocked by #17 Cassidy MacPherson2 Blk","5:20","Even Strength","1 ","1","T","ConnecticutCTW","Shot BLK","Sarah Schwenzfeier",21,"Cassidy MacPherson",17,NA,NA,NA,"blocked","Mariah Fujimagari",0,NA,NA,NA,NA,NA,NA,NA,NA,"Sonjia Shelly","Mariah Fujimagari"
268078,"CTW","BUF",2,78,"#21 Sarah Schwenzfeier saved by #37 Mariah Fujimagari","5:09","Even Strength","1 ","1","T","ConnecticutCTW","Shot","Sarah Schwenzfeier",21,"Mariah Fujimagari",37,NA,NA,NA,"saved","Mariah Fujimagari",0,NA,NA,NA,NA,NA,NA,NA,NA,"Sonjia Shelly","Mariah Fujimagari"
268078,"CTW","BUF",2,79,"#3 Brooke Stacey saved by #31 Sonjia Shelly","4:38","Even Strength","1 ","1","T","BuffaloBUF","Shot","Brooke Stacey",3,"Sonjia Shelly",31,NA,NA,NA,"saved","Sonjia Shelly",0,NA,NA,NA,NA,NA,NA,NA,NA,"Sonjia Shelly","Mariah Fujimagari"
268078,"CTW","BUF",2,80,"#94 Grace Klienbach saved by #37 Mariah Fujimagari","2:50","Even Strength","1 ","1","T","ConnecticutCTW","Shot","Grace Klienbach",94,"Mariah Fujimagari",37,NA,NA,NA,"saved","Mariah Fujimagari",0,NA,NA,NA,NA,NA,NA,NA,NA,"Sonjia Shelly","Mariah Fujimagari"
268078,"CTW","BUF",2,81,"#21 Sarah Schwenzfeier faceoff won against #88 Sara Bustad","2:48","Even Strength","1 ","1","T","ConnecticutCTW","Faceoff","Sarah Schwenzfeier",21,"Sara Bustad",88,NA,NA,NA,NA,NA,0,NA,NA,NA,NA,NA,NA,NA,NA,"Sonjia Shelly","Mariah Fujimagari"
268078,"CTW","BUF",2,82,"#7 Jane Morrisette blocked by #4 Marie-Jo Pelletier1 Blk","2:36","Even Strength","1 ","1","T","ConnecticutCTW","Shot BLK","Jane Morrisette",7,"Marie-Jo Pelletier",4,NA,NA,NA,"blocked","Mariah Fujimagari",0,NA,NA,NA,NA,NA,NA,NA,NA,"Sonjia Shelly","Mariah Fujimagari"
268078,"CTW","BUF",2,83,"#14 Elena Orlando saved by #37 Mariah Fujimagari","2:32","Even Strength","1 ","1","T","ConnecticutCTW","Shot","Elena Orlo",14,"Mariah Fujimagari",37,NA,NA,NA,"saved","Mariah Fujimagari",0,NA,NA,NA,NA,NA,NA,NA,NA,"Sonjia Shelly","Mariah Fujimagari"
268078,"CTW","BUF",2,84,"#21 Sarah Schwenzfeier faceoff won against #88 Sara Bustad","2:26","Even Strength","1 ","1","T","ConnecticutCTW","Faceoff","Sarah Schwenzfeier",21,"Sara Bustad",88,NA,NA,NA,NA,NA,0,NA,NA,NA,NA,NA,NA,NA,NA,"Sonjia Shelly","Mariah Fujimagari"
268078,"CTW","BUF",2,85,"#21 Sarah Schwenzfeier saved by #37 Mariah Fujimagari","2:18","Even Strength","1 ","1","T","ConnecticutCTW","Shot","Sarah Schwenzfeier",21,"Mariah Fujimagari",37,NA,NA,NA,"saved","Mariah Fujimagari",0,NA,NA,NA,NA,NA,NA,NA,NA,"Sonjia Shelly","Mariah Fujimagari"
268078,"CTW","BUF",2,86,"#8 Iveta Klimasova saved by #31 Sonjia Shelly","1:21","Even Strength","1 ","1","T","BuffaloBUF","Shot","Iveta Klimasova",8,"Sonjia Shelly",31,NA,NA,NA,"saved","Sonjia Shelly",0,NA,NA,NA,NA,NA,NA,NA,NA,"Sonjia Shelly","Mariah Fujimagari"
268078,"CTW","BUF",2,87,"#8 Iveta Klimasova Roughing Minor 2 minsPower Play","0:57","Power Play","1 ","1","T","BuffaloBUF","Penalty","Iveta Klimasova",8,NA,NA,NA,NA,NA,NA,NA,1,"2 mins","Minor","Roughing",NA,NA,NA,NA,NA,"Sonjia Shelly","Mariah Fujimagari"
268078,"CTW","BUF",2,88,"#21 Kim Brown faceoff won against #15 Emma Vlasic","0:57","Power Play","1 ","1","T","BuffaloBUF","Faceoff","Kim Brown",21,"Emma Vlasic",15,NA,NA,NA,NA,NA,0,NA,NA,NA,NA,NA,NA,NA,NA,"Sonjia Shelly","Mariah Fujimagari"
268078,"CTW","BUF",2,89,"#6 Shannon Doyle saved by #37 Mariah Fujimagari","0:04","Power Play","1 ","1","T","ConnecticutCTW","Shot","Shannon Doyle",6,"Mariah Fujimagari",37,NA,NA,NA,"saved","Mariah Fujimagari",0,NA,NA,NA,NA,NA,NA,NA,NA,"Sonjia Shelly","Mariah Fujimagari"
268078,"CTW","BUF",3,90,"#81 Erin Gehen saved by #31 Sonjia Shelly","17:41","Even Strength","1 ","1","T","BuffaloBUF","Shot","Erin Gehen",81,"Sonjia Shelly",31,NA,NA,NA,"saved","Sonjia Shelly",0,NA,NA,NA,NA,NA,NA,NA,NA,"Sonjia Shelly","Mariah Fujimagari"
268078,"CTW","BUF",3,91,"#16 Hanna Beattie faceoff won against #22 Becki Bowering","17:40","Even Strength","1 ","1","T","ConnecticutCTW","Faceoff","Hanna Beattie",16,"Becki Bowering",22,NA,NA,NA,NA,NA,0,NA,NA,NA,NA,NA,NA,NA,NA,"Sonjia Shelly","Mariah Fujimagari"
268078,"CTW","BUF",3,92,"#95 Taylor Accursi blocked by #6 Shannon Doyle2 Blk","17:04","Even Strength","1 ","1","T","BuffaloBUF","Shot BLK","Taylor Accursi",95,"Shannon Doyle",6,NA,NA,NA,"blocked","Sonjia Shelly",0,NA,NA,NA,NA,NA,NA,NA,NA,"Sonjia Shelly","Mariah Fujimagari"
268078,"CTW","BUF",3,93,"#94 Grace Klienbach saved by #37 Mariah Fujimagari","16:06","Even Strength","1 ","1","T","ConnecticutCTW","Shot","Grace Klienbach",94,"Mariah Fujimagari",37,NA,NA,NA,"saved","Mariah Fujimagari",0,NA,NA,NA,NA,NA,NA,NA,NA,"Sonjia Shelly","Mariah Fujimagari"
268078,"CTW","BUF",3,94,"#95 Taylor Accursi blocked by #6 Shannon Doyle3 Blk","14:18","Even Strength","1 ","1","T","BuffaloBUF","Shot BLK","Taylor Accursi",95,"Shannon Doyle",6,NA,NA,NA,"blocked","Sonjia Shelly",0,NA,NA,NA,NA,NA,NA,NA,NA,"Sonjia Shelly","Mariah Fujimagari"
268078,"CTW","BUF",3,95,"#22 Becki Bowering Slashing against #12 Kendra BroadMinor 2 minsPower Play","14:11","Power Play","1 ","1","T","BuffaloBUF","Penalty","Becki Bowering",22,"Kendra Broad",12,NA,NA,NA,NA,NA,1,"2 mins","Minor","Slashing",NA,NA,NA,NA,NA,"Sonjia Shelly","Mariah Fujimagari"
268078,"CTW","BUF",3,96,"#21 Kim Brown faceoff won against #15 Emma Vlasic","14:10","Power Play","1 ","1","T","BuffaloBUF","Faceoff","Kim Brown",21,"Emma Vlasic",15,NA,NA,NA,NA,NA,0,NA,NA,NA,NA,NA,NA,NA,NA,"Sonjia Shelly","Mariah Fujimagari"
268078,"CTW","BUF",3,97,"#21 Kim Brown Hooking Minor 2 minsPower Play","14:09","Power Play","1 ","1","T","BuffaloBUF","Penalty","Kim Brown",21,NA,NA,NA,NA,NA,NA,NA,1,"2 mins","Minor","Hooking",NA,NA,NA,NA,NA,"Sonjia Shelly","Mariah Fujimagari"
268078,"CTW","BUF",3,98,"#15 Kandice Sheriff faceoff won against #15 Emma Vlasic","14:09","Power Play","1 ","1","T","BuffaloBUF","Faceoff","Kice Sheriff",15,"Emma Vlasic",15,NA,NA,NA,NA,NA,0,NA,NA,NA,NA,NA,NA,NA,NA,"Sonjia Shelly","Mariah Fujimagari"
268078,"CTW","BUF",3,99,"#7 Jane Morrisette saved by #37 Mariah Fujimagari","14:03","Power Play","1 ","1","T","ConnecticutCTW","Shot","Jane Morrisette",7,"Mariah Fujimagari",37,NA,NA,NA,"saved","Mariah Fujimagari",0,NA,NA,NA,NA,NA,NA,NA,NA,"Sonjia Shelly","Mariah Fujimagari"
268078,"CTW","BUF",3,100,"#6 Shannon Doyle blocked by #15 Kandice Sheriff2 Blk","13:43","Power Play","1 ","1","T","ConnecticutCTW","Shot BLK","Shannon Doyle",6,"Kice Sheriff",15,NA,NA,NA,"blocked","Mariah Fujimagari",0,NA,NA,NA,NA,NA,NA,NA,NA,"Sonjia Shelly","Mariah Fujimagari"
268078,"CTW","BUF",3,101,"#15 Emma Vlasic saved by #37 Mariah Fujimagari","13:15","Power Play","1 ","1","T","ConnecticutCTW","Shot","Emma Vlasic",15,"Mariah Fujimagari",37,NA,NA,NA,"saved","Mariah Fujimagari",0,NA,NA,NA,NA,NA,NA,NA,NA,"Sonjia Shelly","Mariah Fujimagari"
268078,"CTW","BUF",3,102,"#21 Sarah Schwenzfeier faceoff won against #95 Taylor Accursi","13:15","Power Play","1 ","1","T","ConnecticutCTW","Faceoff","Sarah Schwenzfeier",21,"Taylor Accursi",95,NA,NA,NA,NA,NA,0,NA,NA,NA,NA,NA,NA,NA,NA,"Sonjia Shelly","Mariah Fujimagari"
268078,"CTW","BUF",3,103,"#7 Jane Morrisette saved by #37 Mariah Fujimagari","12:00","Power Play","1 ","1","T","ConnecticutCTW","Shot","Jane Morrisette",7,"Mariah Fujimagari",37,NA,NA,NA,"saved","Mariah Fujimagari",0,NA,NA,NA,NA,NA,NA,NA,NA,"Sonjia Shelly","Mariah Fujimagari"
268078,"CTW","BUF",3,104,"#21 Sarah Schwenzfeier saved by #37 Mariah Fujimagari","12:51","Power Play","1 ","1","T","ConnecticutCTW","Shot","Sarah Schwenzfeier",21,"Mariah Fujimagari",37,NA,NA,NA,"saved","Mariah Fujimagari",0,NA,NA,NA,NA,NA,NA,NA,NA,"Sonjia Shelly","Mariah Fujimagari"
268078,"CTW","BUF",3,105,"#9 Kaycie Anderson blocked by #81 Erin Gehen1 Blk","12:39","Power Play","1 ","1","T","ConnecticutCTW","Shot BLK","Kaycie Anderson",9,"Erin Gehen",81,NA,NA,NA,"blocked","Mariah Fujimagari",0,NA,NA,NA,NA,NA,NA,NA,NA,"Sonjia Shelly","Mariah Fujimagari"
268078,"CTW","BUF",3,106,"#21 Sarah Schwenzfeier saved by #37 Mariah Fujimagari","12:36","Power Play","1 ","1","T","ConnecticutCTW","Shot","Sarah Schwenzfeier",21,"Mariah Fujimagari",37,NA,NA,NA,"saved","Mariah Fujimagari",0,NA,NA,NA,NA,NA,NA,NA,NA,"Sonjia Shelly","Mariah Fujimagari"
268078,"CTW","BUF",3,107,"#15 Emma Vlasic faceoff won against #95 Taylor Accursi","12:28","Power Play","1 ","1","T","ConnecticutCTW","Faceoff","Emma Vlasic",15,"Taylor Accursi",95,NA,NA,NA,NA,NA,0,NA,NA,NA,NA,NA,NA,NA,NA,"Sonjia Shelly","Mariah Fujimagari"
268078,"CTW","BUF",3,108,"#24 Sarah Hughson saved by #37 Mariah Fujimagari","12:19","Power Play","1 ","1","T","ConnecticutCTW","Shot","Sarah Hughson",24,"Mariah Fujimagari",37,NA,NA,NA,"saved","Mariah Fujimagari",0,NA,NA,NA,NA,NA,NA,NA,NA,"Sonjia Shelly","Mariah Fujimagari"
268078,"CTW","BUF",3,109,"#24 Sarah Hughson saved by #37 Mariah Fujimagari","12:07","Even Strength","1 ","1","T","ConnecticutCTW","Shot","Sarah Hughson",24,"Mariah Fujimagari",37,NA,NA,NA,"saved","Mariah Fujimagari",0,NA,NA,NA,NA,NA,NA,NA,NA,"Sonjia Shelly","Mariah Fujimagari"
268078,"CTW","BUF",3,110,"#11 Megan Delay blocked by #6 Shannon Doyle4 Blk","11:37","Even Strength","1 ","1","T","BuffaloBUF","Shot BLK","Megan Delay",11,"Shannon Doyle",6,NA,NA,NA,"blocked","Sonjia Shelly",0,NA,NA,NA,NA,NA,NA,NA,NA,"Sonjia Shelly","Mariah Fujimagari"
268078,"CTW","BUF",3,111,"#15 Emma Vlasic giveaway to #8 Iveta Klimasova1 GvA2 TkA","11:10","Even Strength","1 ","1","T","ConnecticutCTW","Giveaway","Emma Vlasic",15,"Iveta Klimasova",8,NA,NA,NA,NA,NA,0,NA,NA,NA,NA,NA,NA,NA,NA,"Sonjia Shelly","Mariah Fujimagari"
268078,"CTW","BUF",3,112,"#16 Hanna Beattie giveaway to #23 Corinne Buie1 GvA3 TkA","9:57","Even Strength","1 ","1","T","ConnecticutCTW","Giveaway","Hanna Beattie",16,"Corinne Buie",23,NA,NA,NA,NA,NA,0,NA,NA,NA,NA,NA,NA,NA,NA,"Sonjia Shelly","Mariah Fujimagari"
268078,"CTW","BUF",3,113,"#7 Jane Morrisette saved by #37 Mariah Fujimagari","9:13","Even Strength","1 ","1","T","ConnecticutCTW","Shot","Jane Morrisette",7,"Mariah Fujimagari",37,NA,NA,NA,"saved","Mariah Fujimagari",0,NA,NA,NA,NA,NA,NA,NA,NA,"Sonjia Shelly","Mariah Fujimagari"
268078,"CTW","BUF",3,114,"#15 Kandice Sheriff faceoff won against #15 Emma Vlasic","9:11","Even Strength","1 ","1","T","BuffaloBUF","Faceoff","Kice Sheriff",15,"Emma Vlasic",15,NA,NA,NA,NA,NA,0,NA,NA,NA,NA,NA,NA,NA,NA,"Sonjia Shelly","Mariah Fujimagari"
268078,"CTW","BUF",3,115,"#15 Kandice Sheriff faceoff won against #24 Sarah Hughson","9:10","Even Strength","1 ","1","T","BuffaloBUF","Faceoff","Kice Sheriff",15,"Sarah Hughson",24,NA,NA,NA,NA,NA,0,NA,NA,NA,NA,NA,NA,NA,NA,"Sonjia Shelly","Mariah Fujimagari"
268078,"CTW","BUF",3,116,"#95 Taylor Accursi saved by #31 Sonjia Shelly","8:45","Even Strength","1 ","1","T","BuffaloBUF","Shot","Taylor Accursi",95,"Sonjia Shelly",31,NA,NA,NA,"saved","Sonjia Shelly",0,NA,NA,NA,NA,NA,NA,NA,NA,"Sonjia Shelly","Mariah Fujimagari"
268078,"CTW","BUF",3,117,"#94 Grace Klienbach Interference against #19 Ashley BirdsallMinor 2 minsPower Play","8:13","Power Play","1 ","1","T","ConnecticutCTW","Penalty","Grace Klienbach",94,"Ashley Birdsall",19,NA,NA,NA,NA,NA,1,"2 mins","Minor","Interference",NA,NA,NA,NA,NA,"Sonjia Shelly","Mariah Fujimagari"
268078,"CTW","BUF",3,118,"#21 Sarah Schwenzfeier faceoff won against #22 Becki Bowering","8:09","Power Play","1 ","1","T","ConnecticutCTW","Faceoff","Sarah Schwenzfeier",21,"Becki Bowering",22,NA,NA,NA,NA,NA,0,NA,NA,NA,NA,NA,NA,NA,NA,"Sonjia Shelly","Mariah Fujimagari"
268078,"CTW","BUF",3,119,"#11 Megan Delay saved by #31 Sonjia Shelly","6:20","Power Play","1 ","1","T","BuffaloBUF","Shot","Megan Delay",11,"Sonjia Shelly",31,NA,NA,NA,"saved","Sonjia Shelly",0,NA,NA,NA,NA,NA,NA,NA,NA,"Sonjia Shelly","Mariah Fujimagari"
268078,"CTW","BUF",3,120,"#8 Iveta Klimasova blocked by #6 Shannon Doyle5 Blk","6:03","Even Strength","1 ","1","T","BuffaloBUF","Shot BLK","Iveta Klimasova",8,"Shannon Doyle",6,NA,NA,NA,"blocked","Sonjia Shelly",0,NA,NA,NA,NA,NA,NA,NA,NA,"Sonjia Shelly","Mariah Fujimagari"
268078,"CTW","BUF",3,121,"#88 Sara Bustad faceoff won against #21 Sarah Schwenzfeier","5:47","Even Strength","1 ","1","T","BuffaloBUF","Faceoff","Sara Bustad",88,"Sarah Schwenzfeier",21,NA,NA,NA,NA,NA,0,NA,NA,NA,NA,NA,NA,NA,NA,"Sonjia Shelly","Mariah Fujimagari"
268078,"CTW","BUF",3,122,"#23 Corinne Buie blocked by #4 Taylor Marchin2 Blk","4:26","Even Strength","1 ","1","T","BuffaloBUF","Shot BLK","Corinne Buie",23,"Taylor Marchin",4,NA,NA,NA,"blocked","Sonjia Shelly",0,NA,NA,NA,NA,NA,NA,NA,NA,"Sonjia Shelly","Mariah Fujimagari"
268078,"CTW","BUF",3,123,"#4 Marie-Jo Pelletier blocked by #14 Elena Orlando2 Blk","3:48","Even Strength","1 ","1","T","BuffaloBUF","Shot BLK","Marie-Jo Pelletier",4,"Elena Orlo",14,NA,NA,NA,"blocked","Sonjia Shelly",0,NA,NA,NA,NA,NA,NA,NA,NA,"Sonjia Shelly","Mariah Fujimagari"
268078,"CTW","BUF",3,124,"#6 Shannon Doyle saved by #37 Mariah Fujimagari","3:15","Even Strength","1 ","1","T","ConnecticutCTW","Shot","Shannon Doyle",6,"Mariah Fujimagari",37,NA,NA,NA,"saved","Mariah Fujimagari",0,NA,NA,NA,NA,NA,NA,NA,NA,"Sonjia Shelly","Mariah Fujimagari"
268078,"CTW","BUF",3,125,"#3 Brooke Stacey from #19 Ashley Birdsall and #8 Iveta KlimasovaEven Strength2 - 1 BUF","3:08","Even Strength","1 ","2","BUF","BuffaloBUF","Goal","Brooke Stacey",3,"Ashley Birdsall",19,"Iveta Klimasova",8,NA,"made","Sonjia Shelly",0,NA,NA,NA,"Iveta Klimasova","Brooke Stacey","Ashley Birdsall","Cassidy MacPherson","Ana Orzechowski","Sonjia Shelly","Mariah Fujimagari"
268078,"CTW","BUF",3,127,"#15 Kandice Sheriff faceoff won against #21 Sarah Schwenzfeier","3:07","Even Strength","1 ","2","BUF","BuffaloBUF","Faceoff","Kice Sheriff",15,"Sarah Schwenzfeier",21,NA,NA,NA,NA,NA,0,NA,NA,NA,NA,NA,NA,NA,NA,"Sonjia Shelly","Mariah Fujimagari"
268078,"CTW","BUF",3,128,"#24 Sarah Hughson saved by #37 Mariah Fujimagari","1:30","Even Strength","1 ","2","BUF","ConnecticutCTW","Shot","Sarah Hughson",24,"Mariah Fujimagari",37,NA,NA,NA,"saved","Mariah Fujimagari",0,NA,NA,NA,NA,NA,NA,NA,NA,"Sonjia Shelly","Mariah Fujimagari"
268078,"CTW","BUF",3,129,"","1:20","Even Strength","1 ","2","BUF","ConnecticutCTW","Timeout",NA,NA,NA,NA,NA,NA,NA,NA,NA,0,NA,NA,NA,NA,NA,NA,NA,NA,"Sonjia Shelly","Mariah Fujimagari"
268078,"CTW","BUF",3,130,"#6 Shannon Doyle blocked by #22 Becki Bowering1 Blk","1:18","Even Strength","1 ","2","BUF","ConnecticutCTW","Shot BLK","Shannon Doyle",6,"Becki Bowering",22,NA,NA,NA,"blocked","Mariah Fujimagari",0,NA,NA,NA,NA,NA,NA,NA,NA,"Sonjia Shelly","Mariah Fujimagari"
268078,"CTW","BUF",3,131,"#6 Shannon Doyle saved by #37 Mariah Fujimagari","1:16","Even Strength","1 ","2","BUF","ConnecticutCTW","Shot","Shannon Doyle",6,"Mariah Fujimagari",37,NA,NA,NA,"saved","Mariah Fujimagari",0,NA,NA,NA,NA,NA,NA,NA,NA,"Sonjia Shelly","Mariah Fujimagari"
268078,"CTW","BUF",3,132,"#15 Emma Vlasic faceoff won against #22 Becki Bowering","1:16","Even Strength","1 ","2","BUF","ConnecticutCTW","Faceoff","Emma Vlasic",15,"Becki Bowering",22,NA,NA,NA,NA,NA,0,NA,NA,NA,NA,NA,NA,NA,NA,"Sonjia Shelly","Mariah Fujimagari"
268078,"CTW","BUF",3,133,"","1:13","Even Strength","1 ","2","BUF","BuffaloBUF","Timeout",NA,NA,NA,NA,NA,NA,NA,NA,NA,0,NA,NA,NA,NA,NA,NA,NA,NA,"Sonjia Shelly","Mariah Fujimagari"
268078,"CTW","BUF",3,135,"#95 Taylor Accursi faceoff won against #15 Emma Vlasic","0:35","Even Strength","1 ","2","BUF","BuffaloBUF","Faceoff","Taylor Accursi",95,"Emma Vlasic",15,NA,NA,NA,NA,NA,0,NA,NA,NA,NA,NA,NA,NA,NA,NA,"Mariah Fujimagari"
268078,"CTW","BUF",3,136,"#23 Corinne Buie from #95 Taylor AccursiEven StrengthEmpty Net3 - 1 BUF","0:24","Even Strength","1 ","3","BUF","BuffaloBUF","Goal","Corinne Buie",23,"Taylor Accursi",95,NA,NA,NA,"made",NA,0,NA,NA,NA,"Becki Bowering","Corinne Buie","Taylor Accursi","Lenka Curmova","Marie-Jo Pelletier",NA,"Mariah Fujimagari"
268078,"CTW","BUF",3,139,"#12 Ana Orzechowski faceoff won against #21 Sarah Schwenzfeier","0:20","Even Strength","1 ","3","BUF","BuffaloBUF","Faceoff","Ana Orzechowski",12,"Sarah Schwenzfeier",21,NA,NA,NA,NA,NA,0,NA,NA,NA,NA,NA,NA,NA,NA,"Sonjia Shelly","Mariah Fujimagari"
