"event","team","time","description","event_no","period_id","desc","on_ice_situation","shot_type","shot_result","penalty_type","penalty_called","penalty_length","penalty","score","first_player","first_number","second_player","second_number","third_player","third_number","minute_start","second_start","clock","offensive_player_one","offensive_number_one","offensive_player_two","offensive_number_two","offensive_player_three","offensive_number_three","offensive_player_four","offensive_number_four","offensive_player_five","offensive_number_five","leader","away_goals","home_goals","sec_from_start","power_play_seconds","start_power_play","end_power_play","away_team","home_team","goalie_change","away_goalie","home_goalie","goalie_involved","time_elapsed","time_remaining","game_id"
"Giveaway","ConnecticutCTW","00:13","#24 Sarah Hughson giveaway to #4 Marie-Jo Pelletier1 GvA1 TkA",3,1,"24 Sarah Hughson   4 Marie-Jo Pelletier","Even Strength",NA,NA,NA,NA,NA,0,"0 - 0 T","Sarah Hughson",24,"Marie-Jo Pelletier",4,NA,NA,0,13,"19:47",NA,NA,NA,NA,NA,NA,NA,NA,NA,NA,"T","0","0",13,NA,NA,NA,"BUF","CTW",NA,"Mariah Fujimagari","Sonjia Shelly",NA,"00:13","19:47",268078
"Giveaway","BuffaloBUF","00:17","#4 Marie-Jo Pelletier giveaway to #6 Shannon Doyle1 GvA1 TkA",4,1,"4 Marie-Jo Pelletier   6 Shannon Doyle","Even Strength",NA,NA,NA,NA,NA,0,"0 - 0 T","Marie-Jo Pelletier",4,"Shannon Doyle",6,NA,NA,0,17,"19:43",NA,NA,NA,NA,NA,NA,NA,NA,NA,NA,"T","0","0",17,NA,NA,NA,"BUF","CTW",NA,"Mariah Fujimagari","Sonjia Shelly",NA,"00:17","19:43",268078
"Shot","BuffaloBUF","00:49","#22 Becki Bowering saved by #31 Sonjia Shelly",5,1,"22 Becki Bowering   31 Sonjia Shelly","Even Strength",NA,"saved",NA,NA,NA,0,"0 - 0 T","Becki Bowering",22,"Sonjia Shelly",31,NA,NA,0,49,"19:11",NA,NA,NA,NA,NA,NA,NA,NA,NA,NA,"T","0","0",49,NA,NA,NA,"BUF","CTW",NA,"Mariah Fujimagari","Sonjia Shelly","Sonjia Shelly","00:49","19:11",268078
"Shot BLK","BuffaloBUF","01:36","#19 Ashley Birdsall blocked by #21 Sarah Schwenzfeier1 Blk",6,1,"19 Ashley Birdsall   21 Sarah Schwenzfeier","Even Strength",NA,"blocked",NA,NA,NA,0,"0 - 0 T","Ashley Birdsall",19,"Sarah Schwenzfeier",21,NA,NA,1,36,"18:24",NA,NA,NA,NA,NA,NA,NA,NA,NA,NA,"T","0","0",96,NA,NA,NA,"BUF","CTW",NA,"Mariah Fujimagari","Sonjia Shelly","Sonjia Shelly","01:36","18:24",268078
"Faceoff","BuffaloBUF","02:01","#88 Sara Bustad faceoff won against #16 Hanna Beattie",7,1,"88 Sara Bustad   16 Hanna Beattie","Even Strength",NA,NA,NA,NA,NA,0,"0 - 0 T","Sara Bustad",88,"Hanna Beattie",16,NA,NA,2,1,"17:59",NA,NA,NA,NA,NA,NA,NA,NA,NA,NA,"T","0","0",121,NA,NA,NA,"BUF","CTW",NA,"Mariah Fujimagari","Sonjia Shelly",NA,"02:01","17:59",268078
"Faceoff","BuffaloBUF","02:34","#22 Becki Bowering faceoff won against #16 Hanna Beattie",8,1,"22 Becki Bowering   16 Hanna Beattie","Even Strength",NA,NA,NA,NA,NA,0,"0 - 0 T","Becki Bowering",22,"Hanna Beattie",16,NA,NA,2,34,"17:26",NA,NA,NA,NA,NA,NA,NA,NA,NA,NA,"T","0","0",154,NA,NA,NA,"BUF","CTW",NA,"Mariah Fujimagari","Sonjia Shelly",NA,"02:34","17:26",268078
"Giveaway","ConnecticutCTW","02:58","#8 Erin Hall giveaway to #23 Corinne Buie1 GvA1 TkA",9,1,"8 Erin Hall   23 Corinne Buie","Even Strength",NA,NA,NA,NA,NA,0,"0 - 0 T","Erin Hall",8,"Corinne Buie",23,NA,NA,2,58,"17:02",NA,NA,NA,NA,NA,NA,NA,NA,NA,NA,"T","0","0",178,NA,NA,NA,"BUF","CTW",NA,"Mariah Fujimagari","Sonjia Shelly",NA,"02:58","17:02",268078
"Penalty","ConnecticutCTW","04:03","#26 Jordan Brickner Holding against #8 Iveta KlimasovaMinor 2 minsPower Play",10,1,"26 Jordan Brickner   8 Iveta Klimasova","Power Play",NA,NA,"Minor","Holding","2 mins",1,"0 - 0 T","Jordan Brickner",26,"Iveta Klimasova",8,NA,NA,4,3,"15:57",NA,NA,NA,NA,NA,NA,NA,NA,NA,NA,"T","0","0",243,120,243,363,"BUF","CTW",NA,"Mariah Fujimagari","Sonjia Shelly",NA,"04:03","15:57",268078
"Shot BLK","BuffaloBUF","04:06","#95 Taylor Accursi blocked by #14 Elena Orlando1 Blk",11,1,"95 Taylor Accursi   14 Elena Orlo","Power Play",NA,"blocked",NA,NA,NA,0,"0 - 0 T","Taylor Accursi",95,"Elena Orlo",14,NA,NA,4,6,"15:54",NA,NA,NA,NA,NA,NA,NA,NA,NA,NA,"T","0","0",246,NA,243,363,"BUF","CTW",NA,"Mariah Fujimagari","Sonjia Shelly","Sonjia Shelly","04:06","15:54",268078
"Faceoff","BuffaloBUF","04:14","#22 Becki Bowering faceoff won against #21 Sarah Schwenzfeier",12,1,"22 Becki Bowering   21 Sarah Schwenzfeier","Power Play",NA,NA,NA,NA,NA,0,"0 - 0 T","Becki Bowering",22,"Sarah Schwenzfeier",21,NA,NA,4,14,"15:46",NA,NA,NA,NA,NA,NA,NA,NA,NA,NA,"T","0","0",254,NA,243,363,"BUF","CTW",NA,"Mariah Fujimagari","Sonjia Shelly",NA,"04:14","15:46",268078
"Faceoff","BuffaloBUF","04:20","#88 Sara Bustad faceoff won against #16 Hanna Beattie",13,1,"88 Sara Bustad   16 Hanna Beattie","Power Play",NA,NA,NA,NA,NA,0,"0 - 0 T","Sara Bustad",88,"Hanna Beattie",16,NA,NA,4,20,"15:40",NA,NA,NA,NA,NA,NA,NA,NA,NA,NA,"T","0","0",260,NA,243,363,"BUF","CTW",NA,"Mariah Fujimagari","Sonjia Shelly",NA,"04:20","15:40",268078
"Shot","BuffaloBUF","04:25","#23 Corinne Buie saved by #31 Sonjia Shelly",14,1,"23 Corinne Buie   31 Sonjia Shelly","Power Play",NA,"saved",NA,NA,NA,0,"0 - 0 T","Corinne Buie",23,"Sonjia Shelly",31,NA,NA,4,25,"15:35",NA,NA,NA,NA,NA,NA,NA,NA,NA,NA,"T","0","0",265,NA,243,363,"BUF","CTW",NA,"Mariah Fujimagari","Sonjia Shelly","Sonjia Shelly","04:25","15:35",268078
"PP Goal","BuffaloBUF","04:29","#5 Lenka Curmova from #4 Marie-Jo Pelletier and #23 Corinne BuieWrist shotPower Play1 - 0 BUF",15,1,"5 Lenka Curmova  4 Marie-Jo Pelletier  23 Corinne Buie","Power Play","Wrist shot","made",NA,NA,NA,0,"1 - 0 BUF","Lenka Curmova",5,"Marie-Jo Pelletier",4,"Corinne Buie",23,4,29,"15:31",NA,NA,NA,NA,NA,NA,NA,NA,NA,NA,"BUF","1","0 ",269,NA,243,363,"BUF","CTW",NA,"Mariah Fujimagari","Sonjia Shelly","Sonjia Shelly","04:29","15:31",268078
"Shot","ConnecticutCTW","06:00","#14 Elena Orlando saved by #37 Mariah Fujimagari",16,1,"14 Elena Orlo   37 Mariah Fujimagari","Power Play",NA,"saved",NA,NA,NA,0,"1 - 0 BUF","Elena Orlo",14,"Mariah Fujimagari",37,NA,NA,6,0,"13:00",NA,NA,NA,NA,NA,NA,NA,NA,NA,NA,"BUF","1","0 ",360,NA,243,363,"BUF","CTW",NA,"Mariah Fujimagari","Sonjia Shelly","Mariah Fujimagari","06:00","13:00",268078
"Shot BLK","ConnecticutCTW","06:51","#6 Shannon Doyle blocked by #17 Cassidy MacPherson1 Blk",17,1,"6 Shannon Doyle   17 Cassidy MacPherson","Even Strength",NA,"blocked",NA,NA,NA,0,"1 - 0 BUF","Shannon Doyle",6,"Cassidy MacPherson",17,NA,NA,6,51,"13:09",NA,NA,NA,NA,NA,NA,NA,NA,NA,NA,"BUF","1","0 ",411,NA,243,363,"BUF","CTW",NA,"Mariah Fujimagari","Sonjia Shelly","Mariah Fujimagari","06:51","13:09",268078
"Faceoff","ConnecticutCTW","07:20","#15 Emma Vlasic faceoff won against #88 Sara Bustad",18,1,"15 Emma Vlasic   88 Sara Bustad","Even Strength",NA,NA,NA,NA,NA,0,"1 - 0 BUF","Emma Vlasic",15,"Sara Bustad",88,NA,NA,7,20,"12:40",NA,NA,NA,NA,NA,NA,NA,NA,NA,NA,"BUF","1","0 ",440,NA,243,363,"BUF","CTW",NA,"Mariah Fujimagari","Sonjia Shelly",NA,"07:20","12:40",268078
"Penalty","BuffaloBUF","09:28","#95 Taylor Accursi Tripping against #8 Erin HallMinor 2 minsPower Play",19,1,"95 Taylor Accursi   8 Erin Hall","Power Play",NA,NA,"Minor","Tripping","2 mins",1,"1 - 0 BUF","Taylor Accursi",95,"Erin Hall",8,NA,NA,9,28,"10:32",NA,NA,NA,NA,NA,NA,NA,NA,NA,NA,"BUF","1","0 ",568,120,568,688,"BUF","CTW",NA,"Mariah Fujimagari","Sonjia Shelly",NA,"09:28","10:32",268078
"Giveaway","ConnecticutCTW","10:20","#6 Shannon Doyle giveaway to #23 Corinne Buie1 GvA2 TkA",20,1,"6 Shannon Doyle   23 Corinne Buie","Power Play",NA,NA,NA,NA,NA,0,"1 - 0 BUF","Shannon Doyle",6,"Corinne Buie",23,NA,NA,10,20,"9:40",NA,NA,NA,NA,NA,NA,NA,NA,NA,NA,"BUF","1","0 ",620,NA,568,688,"BUF","CTW",NA,"Mariah Fujimagari","Sonjia Shelly",NA,"10:20","9:40",268078
"Faceoff","ConnecticutCTW","10:23","#15 Emma Vlasic faceoff won against #21 Kim Brown",21,1,"15 Emma Vlasic   21 Kim Brown","Power Play",NA,NA,NA,NA,NA,0,"1 - 0 BUF","Emma Vlasic",15,"Kim Brown",21,NA,NA,10,23,"9:37",NA,NA,NA,NA,NA,NA,NA,NA,NA,NA,"BUF","1","0 ",623,NA,568,688,"BUF","CTW",NA,"Mariah Fujimagari","Sonjia Shelly",NA,"10:23","9:37",268078
"Shot BLK","ConnecticutCTW","11:00","#4 Taylor Marchin blocked by #19 Ashley Birdsall1 Blk",22,1,"4 Taylor Marchin   19 Ashley Birdsall","Power Play",NA,"blocked",NA,NA,NA,0,"1 - 0 BUF","Taylor Marchin",4,"Ashley Birdsall",19,NA,NA,11,0,"8:00",NA,NA,NA,NA,NA,NA,NA,NA,NA,NA,"BUF","1","0 ",660,NA,568,688,"BUF","CTW",NA,"Mariah Fujimagari","Sonjia Shelly","Mariah Fujimagari","11:00","8:00",268078
"Faceoff","ConnecticutCTW","12:33","#16 Hanna Beattie faceoff won against #17 Cassidy MacPherson",23,1,"16 Hanna Beattie   17 Cassidy MacPherson","Even Strength",NA,NA,NA,NA,NA,0,"1 - 0 BUF","Hanna Beattie",16,"Cassidy MacPherson",17,NA,NA,12,33,"7:27",NA,NA,NA,NA,NA,NA,NA,NA,NA,NA,"BUF","1","0 ",753,NA,568,688,"BUF","CTW",NA,"Mariah Fujimagari","Sonjia Shelly",NA,"12:33","7:27",268078
"Shot","ConnecticutCTW","12:58","#12 Kendra Broad saved by #37 Mariah Fujimagari",24,1,"12 Kendra Broad   37 Mariah Fujimagari","Even Strength",NA,"saved",NA,NA,NA,0,"1 - 0 BUF","Kendra Broad",12,"Mariah Fujimagari",37,NA,NA,12,58,"7:02",NA,NA,NA,NA,NA,NA,NA,NA,NA,NA,"BUF","1","0 ",778,NA,568,688,"BUF","CTW",NA,"Mariah Fujimagari","Sonjia Shelly","Mariah Fujimagari","12:58","7:02",268078
"Penalty","BuffaloBUF","12:58","#11 Megan Delay Roughing against #12 Kendra BroadMinor 2 minsPower Play",25,1,"11 Megan Delay   12 Kendra Broad","Power Play",NA,NA,"Minor","Roughing","2 mins",1,"1 - 0 BUF","Megan Delay",11,"Kendra Broad",12,NA,NA,12,58,"7:02",NA,NA,NA,NA,NA,NA,NA,NA,NA,NA,"BUF","1","0 ",778,120,778,898,"BUF","CTW",NA,"Mariah Fujimagari","Sonjia Shelly",NA,"12:58","7:02",268078
"Faceoff","ConnecticutCTW","12:58","#15 Emma Vlasic faceoff won against #21 Kim Brown",26,1,"15 Emma Vlasic   21 Kim Brown","Power Play",NA,NA,NA,NA,NA,0,"1 - 0 BUF","Emma Vlasic",15,"Kim Brown",21,NA,NA,12,58,"7:02",NA,NA,NA,NA,NA,NA,NA,NA,NA,NA,"BUF","1","0 ",778,NA,778,898,"BUF","CTW",NA,"Mariah Fujimagari","Sonjia Shelly",NA,"12:58","7:02",268078
"Penalty","ConnecticutCTW","13:40","#6 Shannon Doyle Hooking against #21 Kim BrownMinor 2 minsPower Play",27,1,"6 Shannon Doyle   21 Kim Brown","Power Play",NA,NA,"Minor","Hooking","2 mins",1,"1 - 0 BUF","Shannon Doyle",6,"Kim Brown",21,NA,NA,13,40,"6:20",NA,NA,NA,NA,NA,NA,NA,NA,NA,NA,"BUF","1","0 ",820,120,820,940,"BUF","CTW",NA,"Mariah Fujimagari","Sonjia Shelly",NA,"13:40","6:20",268078
"Faceoff","BuffaloBUF","13:40","#23 Corinne Buie faceoff won against #21 Sarah Schwenzfeier",28,1,"23 Corinne Buie   21 Sarah Schwenzfeier","Power Play",NA,NA,NA,NA,NA,0,"1 - 0 BUF","Corinne Buie",23,"Sarah Schwenzfeier",21,NA,NA,13,40,"6:20",NA,NA,NA,NA,NA,NA,NA,NA,NA,NA,"BUF","1","0 ",820,NA,820,940,"BUF","CTW",NA,"Mariah Fujimagari","Sonjia Shelly",NA,"13:40","6:20",268078
"Shot BLK","BuffaloBUF","13:54","#5 Lenka Curmova blocked by #21 Sarah Schwenzfeier2 Blk",29,1,"5 Lenka Curmova   21 Sarah Schwenzfeier","Power Play",NA,"blocked",NA,NA,NA,0,"1 - 0 BUF","Lenka Curmova",5,"Sarah Schwenzfeier",21,NA,NA,13,54,"6:06",NA,NA,NA,NA,NA,NA,NA,NA,NA,NA,"BUF","1","0 ",834,NA,820,940,"BUF","CTW",NA,"Mariah Fujimagari","Sonjia Shelly","Sonjia Shelly","13:54","6:06",268078
"Shot BLK","BuffaloBUF","14:10","#23 Corinne Buie blocked by #4 Taylor Marchin1 Blk",30,1,"23 Corinne Buie   4 Taylor Marchin","Power Play",NA,"blocked",NA,NA,NA,0,"1 - 0 BUF","Corinne Buie",23,"Taylor Marchin",4,NA,NA,14,10,"5:50",NA,NA,NA,NA,NA,NA,NA,NA,NA,NA,"BUF","1","0 ",850,NA,820,940,"BUF","CTW",NA,"Mariah Fujimagari","Sonjia Shelly","Sonjia Shelly","14:10","5:50",268078
"Shot","ConnecticutCTW","14:43","#2 Maddie Evangelous saved by #37 Mariah Fujimagari",31,1,"2 Maddie Evangelous   37 Mariah Fujimagari","Power Play",NA,"saved",NA,NA,NA,0,"1 - 0 BUF","Maddie Evangelous",2,"Mariah Fujimagari",37,NA,NA,14,43,"5:17",NA,NA,NA,NA,NA,NA,NA,NA,NA,NA,"BUF","1","0 ",883,NA,820,940,"BUF","CTW",NA,"Mariah Fujimagari","Sonjia Shelly","Mariah Fujimagari","14:43","5:17",268078
"Shot BLK","ConnecticutCTW","14:57","#2 Maddie Evangelous blocked by #15 Kandice Sheriff1 Blk",32,1,"2 Maddie Evangelous   15 Kice Sheriff","Power Play",NA,"blocked",NA,NA,NA,0,"1 - 0 BUF","Maddie Evangelous",2,"Kice Sheriff",15,NA,NA,14,57,"5:03",NA,NA,NA,NA,NA,NA,NA,NA,NA,NA,"BUF","1","0 ",897,NA,820,940,"BUF","CTW",NA,"Mariah Fujimagari","Sonjia Shelly","Mariah Fujimagari","14:57","5:03",268078
"Shot BLK","BuffaloBUF","15:40","#8 Iveta Klimasova blocked by #2 Maddie Evangelous1 Blk",33,1,"8 Iveta Klimasova   2 Maddie Evangelous","Power Play",NA,"blocked",NA,NA,NA,0,"1 - 0 BUF","Iveta Klimasova",8,"Maddie Evangelous",2,NA,NA,15,40,"4:20",NA,NA,NA,NA,NA,NA,NA,NA,NA,NA,"BUF","1","0 ",940,NA,820,940,"BUF","CTW",NA,"Mariah Fujimagari","Sonjia Shelly","Sonjia Shelly","15:40","4:20",268078
"Shot BLK","BuffaloBUF","16:21","#15 Kandice Sheriff blocked by #16 Hanna Beattie1 Blk",34,1,"15 Kice Sheriff   16 Hanna Beattie","Even Strength",NA,"blocked",NA,NA,NA,0,"1 - 0 BUF","Kice Sheriff",15,"Hanna Beattie",16,NA,NA,16,21,"3:39",NA,NA,NA,NA,NA,NA,NA,NA,NA,NA,"BUF","1","0 ",981,NA,820,940,"BUF","CTW",NA,"Mariah Fujimagari","Sonjia Shelly","Sonjia Shelly","16:21","3:39",268078
"Shot","BuffaloBUF","16:32","#11 Megan Delay saved by #31 Sonjia Shelly",35,1,"11 Megan Delay   31 Sonjia Shelly","Even Strength",NA,"saved",NA,NA,NA,0,"1 - 0 BUF","Megan Delay",11,"Sonjia Shelly",31,NA,NA,16,32,"3:28",NA,NA,NA,NA,NA,NA,NA,NA,NA,NA,"BUF","1","0 ",992,NA,820,940,"BUF","CTW",NA,"Mariah Fujimagari","Sonjia Shelly","Sonjia Shelly","16:32","3:28",268078
"Penalty","BuffaloBUF","17:12","#95 Taylor Accursi Interference against #24 Sarah HughsonMinor 2 minsPower Play",36,1,"95 Taylor Accursi   24 Sarah Hughson","Power Play",NA,NA,"Minor","Interference","2 mins",1,"1 - 0 BUF","Taylor Accursi",95,"Sarah Hughson",24,NA,NA,17,12,"2:48",NA,NA,NA,NA,NA,NA,NA,NA,NA,NA,"BUF","1","0 ",1032,120,1032,1152,"BUF","CTW",NA,"Mariah Fujimagari","Sonjia Shelly",NA,"17:12","2:48",268078
"Faceoff","BuffaloBUF","17:12","#88 Sara Bustad faceoff won against #21 Sarah Schwenzfeier",37,1,"88 Sara Bustad   21 Sarah Schwenzfeier","Power Play",NA,NA,NA,NA,NA,0,"1 - 0 BUF","Sara Bustad",88,"Sarah Schwenzfeier",21,NA,NA,17,12,"2:48",NA,NA,NA,NA,NA,NA,NA,NA,NA,NA,"BUF","1","0 ",1032,NA,1032,1152,"BUF","CTW",NA,"Mariah Fujimagari","Sonjia Shelly",NA,"17:12","2:48",268078
"Shot BLK","ConnecticutCTW","18:19","#6 Shannon Doyle blocked by #12 Ana Orzechowski1 Blk",38,1,"6 Shannon Doyle   12 Ana Orzechowski","Power Play",NA,"blocked",NA,NA,NA,0,"1 - 0 BUF","Shannon Doyle",6,"Ana Orzechowski",12,NA,NA,18,19,"1:41",NA,NA,NA,NA,NA,NA,NA,NA,NA,NA,"BUF","1","0 ",1099,NA,1032,1152,"BUF","CTW",NA,"Mariah Fujimagari","Sonjia Shelly","Mariah Fujimagari","18:19","1:41",268078
"Faceoff","ConnecticutCTW","18:32","#94 Grace Klienbach faceoff won against #22 Becki Bowering",39,1,"94 Grace Klienbach   22 Becki Bowering","Power Play",NA,NA,NA,NA,NA,0,"1 - 0 BUF","Grace Klienbach",94,"Becki Bowering",22,NA,NA,18,32,"1:28",NA,NA,NA,NA,NA,NA,NA,NA,NA,NA,"BUF","1","0 ",1112,NA,1032,1152,"BUF","CTW",NA,"Mariah Fujimagari","Sonjia Shelly",NA,"18:32","1:28",268078
"Shot","ConnecticutCTW","18:59","#26 Jordan Brickner saved by #37 Mariah Fujimagari",40,1,"26 Jordan Brickner   37 Mariah Fujimagari","Power Play",NA,"saved",NA,NA,NA,0,"1 - 0 BUF","Jordan Brickner",26,"Mariah Fujimagari",37,NA,NA,18,59,"1:01",NA,NA,NA,NA,NA,NA,NA,NA,NA,NA,"BUF","1","0 ",1139,NA,1032,1152,"BUF","CTW",NA,"Mariah Fujimagari","Sonjia Shelly","Mariah Fujimagari","18:59","1:01",268078
"Giveaway","ConnecticutCTW","19:14","#24 Sarah Hughson giveaway to #4 Marie-Jo Pelletier2 GvA2 TkA",41,1,"24 Sarah Hughson   4 Marie-Jo Pelletier","Even Strength",NA,NA,NA,NA,NA,0,"1 - 0 BUF","Sarah Hughson",24,"Marie-Jo Pelletier",4,NA,NA,19,14,"0:46",NA,NA,NA,NA,NA,NA,NA,NA,NA,NA,"BUF","1","0 ",1154,NA,1032,1152,"BUF","CTW",NA,"Mariah Fujimagari","Sonjia Shelly",NA,"19:14","0:46",268078
"Faceoff","ConnecticutCTW","00:11","#15 Emma Vlasic faceoff won against #22 Becki Bowering",42,2,"15 Emma Vlasic   22 Becki Bowering","Even Strength",NA,NA,NA,NA,NA,0,"1 - 0 BUF","Emma Vlasic",15,"Becki Bowering",22,NA,NA,0,11,"19:49",NA,NA,NA,NA,NA,NA,NA,NA,NA,NA,"BUF","1","0 ",1211,NA,1032,1152,"BUF","CTW",NA,"Mariah Fujimagari","Sonjia Shelly",NA,"00:11","19:49",268078
"Faceoff","BuffaloBUF","00:11","#22 Becki Bowering faceoff won against #15 Emma Vlasic",43,2,"22 Becki Bowering   15 Emma Vlasic","Even Strength",NA,NA,NA,NA,NA,0,"1 - 0 BUF","Becki Bowering",22,"Emma Vlasic",15,NA,NA,0,11,"19:49",NA,NA,NA,NA,NA,NA,NA,NA,NA,NA,"BUF","1","0 ",1211,NA,1032,1152,"BUF","CTW",NA,"Mariah Fujimagari","Sonjia Shelly",NA,"00:11","19:49",268078
"Shot","BuffaloBUF","00:33","#5 Lenka Curmova saved by #31 Sonjia Shelly",44,2,"5 Lenka Curmova   31 Sonjia Shelly","Even Strength",NA,"saved",NA,NA,NA,0,"1 - 0 BUF","Lenka Curmova",5,"Sonjia Shelly",31,NA,NA,0,33,"19:27",NA,NA,NA,NA,NA,NA,NA,NA,NA,NA,"BUF","1","0 ",1233,NA,1032,1152,"BUF","CTW",NA,"Mariah Fujimagari","Sonjia Shelly","Sonjia Shelly","00:33","19:27",268078
"Shot","ConnecticutCTW","00:53","#4 Taylor Marchin saved by #37 Mariah Fujimagari",45,2,"4 Taylor Marchin   37 Mariah Fujimagari","Even Strength",NA,"saved",NA,NA,NA,0,"1 - 0 BUF","Taylor Marchin",4,"Mariah Fujimagari",37,NA,NA,0,53,"19:07",NA,NA,NA,NA,NA,NA,NA,NA,NA,NA,"BUF","1","0 ",1253,NA,1032,1152,"BUF","CTW",NA,"Mariah Fujimagari","Sonjia Shelly","Mariah Fujimagari","00:53","19:07",268078
"Faceoff","BuffaloBUF","00:53","#17 Cassidy MacPherson faceoff won against #21 Sarah Schwenzfeier",46,2,"17 Cassidy MacPherson   21 Sarah Schwenzfeier","Even Strength",NA,NA,NA,NA,NA,0,"1 - 0 BUF","Cassidy MacPherson",17,"Sarah Schwenzfeier",21,NA,NA,0,53,"19:07",NA,NA,NA,NA,NA,NA,NA,NA,NA,NA,"BUF","1","0 ",1253,NA,1032,1152,"BUF","CTW",NA,"Mariah Fujimagari","Sonjia Shelly",NA,"00:53","19:07",268078
"Shot","BuffaloBUF","01:19","#17 Cassidy MacPherson saved by #31 Sonjia Shelly",47,2,"17 Cassidy MacPherson   31 Sonjia Shelly","Even Strength",NA,"saved",NA,NA,NA,0,"1 - 0 BUF","Cassidy MacPherson",17,"Sonjia Shelly",31,NA,NA,1,19,"18:41",NA,NA,NA,NA,NA,NA,NA,NA,NA,NA,"BUF","1","0 ",1279,NA,1032,1152,"BUF","CTW",NA,"Mariah Fujimagari","Sonjia Shelly","Sonjia Shelly","01:19","18:41",268078
"Faceoff","ConnecticutCTW","01:19","#21 Sarah Schwenzfeier faceoff won against #17 Cassidy MacPherson",48,2,"21 Sarah Schwenzfeier   17 Cassidy MacPherson","Even Strength",NA,NA,NA,NA,NA,0,"1 - 0 BUF","Sarah Schwenzfeier",21,"Cassidy MacPherson",17,NA,NA,1,19,"18:41",NA,NA,NA,NA,NA,NA,NA,NA,NA,NA,"BUF","1","0 ",1279,NA,1032,1152,"BUF","CTW",NA,"Mariah Fujimagari","Sonjia Shelly",NA,"01:19","18:41",268078
"Giveaway","ConnecticutCTW","01:30","#26 Jordan Brickner giveaway to #17 Cassidy MacPherson1 GvA1 TkA",49,2,"26 Jordan Brickner   17 Cassidy MacPherson","Even Strength",NA,NA,NA,NA,NA,0,"1 - 0 BUF","Jordan Brickner",26,"Cassidy MacPherson",17,NA,NA,1,30,"18:30",NA,NA,NA,NA,NA,NA,NA,NA,NA,NA,"BUF","1","0 ",1290,NA,1032,1152,"BUF","CTW",NA,"Mariah Fujimagari","Sonjia Shelly",NA,"01:30","18:30",268078
"Shot","ConnecticutCTW","02:01","#12 Kendra Broad saved by #37 Mariah Fujimagari",50,2,"12 Kendra Broad   37 Mariah Fujimagari","Even Strength",NA,"saved",NA,NA,NA,0,"1 - 0 BUF","Kendra Broad",12,"Mariah Fujimagari",37,NA,NA,2,1,"17:59",NA,NA,NA,NA,NA,NA,NA,NA,NA,NA,"BUF","1","0 ",1321,NA,1032,1152,"BUF","CTW",NA,"Mariah Fujimagari","Sonjia Shelly","Mariah Fujimagari","02:01","17:59",268078
"Faceoff","ConnecticutCTW","02:01","#16 Hanna Beattie faceoff won against #88 Sara Bustad",51,2,"16 Hanna Beattie   88 Sara Bustad","Even Strength",NA,NA,NA,NA,NA,0,"1 - 0 BUF","Hanna Beattie",16,"Sara Bustad",88,NA,NA,2,1,"17:59",NA,NA,NA,NA,NA,NA,NA,NA,NA,NA,"BUF","1","0 ",1321,NA,1032,1152,"BUF","CTW",NA,"Mariah Fujimagari","Sonjia Shelly",NA,"02:01","17:59",268078
"Giveaway","BuffaloBUF","02:02","#88 Sara Bustad giveaway to #8 Erin Hall1 GvA1 TkA",52,2,"88 Sara Bustad   8 Erin Hall","Even Strength",NA,NA,NA,NA,NA,0,"1 - 0 BUF","Sara Bustad",88,"Erin Hall",8,NA,NA,2,2,"17:58",NA,NA,NA,NA,NA,NA,NA,NA,NA,NA,"BUF","1","0 ",1322,NA,1032,1152,"BUF","CTW",NA,"Mariah Fujimagari","Sonjia Shelly",NA,"02:02","17:58",268078
"Giveaway","BuffaloBUF","02:11","#15 Kandice Sheriff giveaway to #8 Erin Hall1 GvA2 TkA",53,2,"15 Kice Sheriff   8 Erin Hall","Even Strength",NA,NA,NA,NA,NA,0,"1 - 0 BUF","Kice Sheriff",15,"Erin Hall",8,NA,NA,2,11,"17:49",NA,NA,NA,NA,NA,NA,NA,NA,NA,NA,"BUF","1","0 ",1331,NA,1032,1152,"BUF","CTW",NA,"Mariah Fujimagari","Sonjia Shelly",NA,"02:11","17:49",268078
"Giveaway","BuffaloBUF","02:35","#88 Sara Bustad giveaway to #6 Shannon Doyle2 GvA2 TkA",54,2,"88 Sara Bustad   6 Shannon Doyle","Even Strength",NA,NA,NA,NA,NA,0,"1 - 0 BUF","Sara Bustad",88,"Shannon Doyle",6,NA,NA,2,35,"17:25",NA,NA,NA,NA,NA,NA,NA,NA,NA,NA,"BUF","1","0 ",1355,NA,1032,1152,"BUF","CTW",NA,"Mariah Fujimagari","Sonjia Shelly",NA,"02:35","17:25",268078
"Faceoff","BuffaloBUF","02:52","#22 Becki Bowering faceoff won against #15 Emma Vlasic",55,2,"22 Becki Bowering   15 Emma Vlasic","Even Strength",NA,NA,NA,NA,NA,0,"1 - 0 BUF","Becki Bowering",22,"Emma Vlasic",15,NA,NA,2,52,"17:08",NA,NA,NA,NA,NA,NA,NA,NA,NA,NA,"BUF","1","0 ",1372,NA,1032,1152,"BUF","CTW",NA,"Mariah Fujimagari","Sonjia Shelly",NA,"02:52","17:08",268078
"Shot","ConnecticutCTW","02:53","#16 Hanna Beattie saved by #37 Mariah Fujimagari",56,2,"16 Hanna Beattie   37 Mariah Fujimagari","Even Strength",NA,"saved",NA,NA,NA,0,"1 - 0 BUF","Hanna Beattie",16,"Mariah Fujimagari",37,NA,NA,2,53,"17:07",NA,NA,NA,NA,NA,NA,NA,NA,NA,NA,"BUF","1","0 ",1373,NA,1032,1152,"BUF","CTW",NA,"Mariah Fujimagari","Sonjia Shelly","Mariah Fujimagari","02:53","17:07",268078
"Shot","BuffaloBUF","03:26","#22 Becki Bowering saved by #31 Sonjia Shelly",57,2,"22 Becki Bowering   31 Sonjia Shelly","Even Strength",NA,"saved",NA,NA,NA,0,"1 - 0 BUF","Becki Bowering",22,"Sonjia Shelly",31,NA,NA,3,26,"16:34",NA,NA,NA,NA,NA,NA,NA,NA,NA,NA,"BUF","1","0 ",1406,NA,1032,1152,"BUF","CTW",NA,"Mariah Fujimagari","Sonjia Shelly","Sonjia Shelly","03:26","16:34",268078
"Giveaway","BuffaloBUF","03:57","#4 Marie-Jo Pelletier giveaway to #94 Grace Klienbach2 GvA1 TkA",58,2,"4 Marie-Jo Pelletier   94 Grace Klienbach","Even Strength",NA,NA,NA,NA,NA,0,"1 - 0 BUF","Marie-Jo Pelletier",4,"Grace Klienbach",94,NA,NA,3,57,"16:03",NA,NA,NA,NA,NA,NA,NA,NA,NA,NA,"BUF","1","0 ",1437,NA,1032,1152,"BUF","CTW",NA,"Mariah Fujimagari","Sonjia Shelly",NA,"03:57","16:03",268078
"Shot","BuffaloBUF","04:36","#8 Iveta Klimasova saved by #31 Sonjia Shelly",59,2,"8 Iveta Klimasova   31 Sonjia Shelly","Even Strength",NA,"saved",NA,NA,NA,0,"1 - 0 BUF","Iveta Klimasova",8,"Sonjia Shelly",31,NA,NA,4,36,"15:24",NA,NA,NA,NA,NA,NA,NA,NA,NA,NA,"BUF","1","0 ",1476,NA,1032,1152,"BUF","CTW",NA,"Mariah Fujimagari","Sonjia Shelly","Sonjia Shelly","04:36","15:24",268078
"Shot","ConnecticutCTW","05:34","#9 Kaycie Anderson saved by #37 Mariah Fujimagari",60,2,"9 Kaycie Anderson   37 Mariah Fujimagari","Even Strength",NA,"saved",NA,NA,NA,0,"1 - 0 BUF","Kaycie Anderson",9,"Mariah Fujimagari",37,NA,NA,5,34,"14:26",NA,NA,NA,NA,NA,NA,NA,NA,NA,NA,"BUF","1","0 ",1534,NA,1032,1152,"BUF","CTW",NA,"Mariah Fujimagari","Sonjia Shelly","Mariah Fujimagari","05:34","14:26",268078
"Faceoff","ConnecticutCTW","06:38","#15 Emma Vlasic faceoff won against #17 Cassidy MacPherson",61,2,"15 Emma Vlasic   17 Cassidy MacPherson","Even Strength",NA,NA,NA,NA,NA,0,"1 - 0 BUF","Emma Vlasic",15,"Cassidy MacPherson",17,NA,NA,6,38,"13:22",NA,NA,NA,NA,NA,NA,NA,NA,NA,NA,"BUF","1","0 ",1598,NA,1032,1152,"BUF","CTW",NA,"Mariah Fujimagari","Sonjia Shelly",NA,"06:38","13:22",268078
"Faceoff","BuffaloBUF","06:46","#17 Cassidy MacPherson faceoff won against #15 Emma Vlasic",62,2,"17 Cassidy MacPherson   15 Emma Vlasic","Even Strength",NA,NA,NA,NA,NA,0,"1 - 0 BUF","Cassidy MacPherson",17,"Emma Vlasic",15,NA,NA,6,46,"13:14",NA,NA,NA,NA,NA,NA,NA,NA,NA,NA,"BUF","1","0 ",1606,NA,1032,1152,"BUF","CTW",NA,"Mariah Fujimagari","Sonjia Shelly",NA,"06:46","13:14",268078
"Shot","ConnecticutCTW","06:48","#6 Shannon Doyle saved by #37 Mariah Fujimagari",63,2,"6 Shannon Doyle   37 Mariah Fujimagari","Even Strength",NA,"saved",NA,NA,NA,0,"1 - 0 BUF","Shannon Doyle",6,"Mariah Fujimagari",37,NA,NA,6,48,"13:12",NA,NA,NA,NA,NA,NA,NA,NA,NA,NA,"BUF","1","0 ",1608,NA,1032,1152,"BUF","CTW",NA,"Mariah Fujimagari","Sonjia Shelly","Mariah Fujimagari","06:48","13:12",268078
"Faceoff","ConnecticutCTW","07:02","#7 Jane Morrisette faceoff won against #17 Cassidy MacPherson",64,2,"7 Jane Morrisette   17 Cassidy MacPherson","Even Strength",NA,NA,NA,NA,NA,0,"1 - 0 BUF","Jane Morrisette",7,"Cassidy MacPherson",17,NA,NA,7,2,"12:58",NA,NA,NA,NA,NA,NA,NA,NA,NA,NA,"BUF","1","0 ",1622,NA,1032,1152,"BUF","CTW",NA,"Mariah Fujimagari","Sonjia Shelly",NA,"07:02","12:58",268078
"Faceoff","BuffaloBUF","08:24","#22 Becki Bowering faceoff won against #16 Hanna Beattie",65,2,"22 Becki Bowering   16 Hanna Beattie","Even Strength",NA,NA,NA,NA,NA,0,"1 - 0 BUF","Becki Bowering",22,"Hanna Beattie",16,NA,NA,8,24,"11:36",NA,NA,NA,NA,NA,NA,NA,NA,NA,NA,"BUF","1","0 ",1704,NA,1032,1152,"BUF","CTW",NA,"Mariah Fujimagari","Sonjia Shelly",NA,"08:24","11:36",268078
"Shot","BuffaloBUF","08:40","#22 Becki Bowering saved by #31 Sonjia Shelly",66,2,"22 Becki Bowering   31 Sonjia Shelly","Even Strength",NA,"saved",NA,NA,NA,0,"1 - 0 BUF","Becki Bowering",22,"Sonjia Shelly",31,NA,NA,8,40,"11:20",NA,NA,NA,NA,NA,NA,NA,NA,NA,NA,"BUF","1","0 ",1720,NA,1032,1152,"BUF","CTW",NA,"Mariah Fujimagari","Sonjia Shelly","Sonjia Shelly","08:40","11:20",268078
"Shot","BuffaloBUF","08:50","#12 Ana Orzechowski saved by #31 Sonjia Shelly",67,2,"12 Ana Orzechowski   31 Sonjia Shelly","Even Strength",NA,"saved",NA,NA,NA,0,"1 - 0 BUF","Ana Orzechowski",12,"Sonjia Shelly",31,NA,NA,8,50,"11:10",NA,NA,NA,NA,NA,NA,NA,NA,NA,NA,"BUF","1","0 ",1730,NA,1032,1152,"BUF","CTW",NA,"Mariah Fujimagari","Sonjia Shelly","Sonjia Shelly","08:50","11:10",268078
"Shot","ConnecticutCTW","09:47","#26 Jordan Brickner saved by #37 Mariah Fujimagari",68,2,"26 Jordan Brickner   37 Mariah Fujimagari","Even Strength",NA,"saved",NA,NA,NA,0,"1 - 0 BUF","Jordan Brickner",26,"Mariah Fujimagari",37,NA,NA,9,47,"10:13",NA,NA,NA,NA,NA,NA,NA,NA,NA,NA,"BUF","1","0 ",1787,NA,1032,1152,"BUF","CTW",NA,"Mariah Fujimagari","Sonjia Shelly","Mariah Fujimagari","09:47","10:13",268078
"Faceoff","ConnecticutCTW","09:59","#15 Emma Vlasic faceoff won against #17 Cassidy MacPherson",69,2,"15 Emma Vlasic   17 Cassidy MacPherson","Even Strength",NA,NA,NA,NA,NA,0,"1 - 0 BUF","Emma Vlasic",15,"Cassidy MacPherson",17,NA,NA,9,59,"10:01",NA,NA,NA,NA,NA,NA,NA,NA,NA,NA,"BUF","1","0 ",1799,NA,1032,1152,"BUF","CTW",NA,"Mariah Fujimagari","Sonjia Shelly",NA,"09:59","10:01",268078
"Goal","ConnecticutCTW","10:17","#94 Grace Klienbach from #24 Sarah Hughson and #14 Elena OrlandoSnap shotEven Strength1 - 1 Tie",70,2,"94 Grace Klienbach  24 Sarah Hughson  14 Elena Orloie","Even Strength","Snap shot","made",NA,NA,NA,0,"1 - 1 T","Grace Klienbach",94,"Sarah Hughson",24,"Elena Orloie",14,10,17,"9:43","Emma Vlasic","15","Elena Orlando","14","Grace Klienbach","94","Sarah Hughson","24","Jordan Brickner","26","T","1","1 ",1817,NA,1032,1152,"BUF","CTW",NA,"Mariah Fujimagari","Sonjia Shelly","Mariah Fujimagari","10:17","9:43",268078
"Faceoff","ConnecticutCTW","10:37","#15 Emma Vlasic faceoff won against #88 Sara Bustad",72,2,"15 Emma Vlasic   88 Sara Bustad","Even Strength",NA,NA,NA,NA,NA,0,"1 - 1 T","Emma Vlasic",15,"Sara Bustad",88,NA,NA,10,37,"9:23",NA,NA,NA,NA,NA,NA,NA,NA,NA,NA,"T","1","1 ",1837,NA,1032,1152,"BUF","CTW",NA,"Mariah Fujimagari","Sonjia Shelly",NA,"10:37","9:23",268078
"Shot","ConnecticutCTW","11:22","#24 Sarah Hughson saved by #37 Mariah Fujimagari",73,2,"24 Sarah Hughson   37 Mariah Fujimagari","Even Strength",NA,"saved",NA,NA,NA,0,"1 - 1 T","Sarah Hughson",24,"Mariah Fujimagari",37,NA,NA,11,22,"8:38",NA,NA,NA,NA,NA,NA,NA,NA,NA,NA,"T","1","1 ",1882,NA,1032,1152,"BUF","CTW",NA,"Mariah Fujimagari","Sonjia Shelly","Mariah Fujimagari","11:22","8:38",268078
"Giveaway","ConnecticutCTW","11:51","#9 Kaycie Anderson giveaway to #8 Iveta Klimasova1 GvA1 TkA",74,2,"9 Kaycie Anderson   8 Iveta Klimasova","Even Strength",NA,NA,NA,NA,NA,0,"1 - 1 T","Kaycie Anderson",9,"Iveta Klimasova",8,NA,NA,11,51,"8:09",NA,NA,NA,NA,NA,NA,NA,NA,NA,NA,"T","1","1 ",1911,NA,1032,1152,"BUF","CTW",NA,"Mariah Fujimagari","Sonjia Shelly",NA,"11:51","8:09",268078
"Shot","ConnecticutCTW","12:55","#16 Hanna Beattie saved by #37 Mariah Fujimagari",75,2,"16 Hanna Beattie   37 Mariah Fujimagari","Even Strength",NA,"saved",NA,NA,NA,0,"1 - 1 T","Hanna Beattie",16,"Mariah Fujimagari",37,NA,NA,12,55,"7:05",NA,NA,NA,NA,NA,NA,NA,NA,NA,NA,"T","1","1 ",1975,NA,1032,1152,"BUF","CTW",NA,"Mariah Fujimagari","Sonjia Shelly","Mariah Fujimagari","12:55","7:05",268078
"Shot BLK","BuffaloBUF","14:09","#88 Sara Bustad blocked by #6 Shannon Doyle1 Blk",76,2,"88 Sara Bustad   6 Shannon Doyle","Even Strength",NA,"blocked",NA,NA,NA,0,"1 - 1 T","Sara Bustad",88,"Shannon Doyle",6,NA,NA,14,9,"5:51",NA,NA,NA,NA,NA,NA,NA,NA,NA,NA,"T","1","1 ",2049,NA,1032,1152,"BUF","CTW",NA,"Mariah Fujimagari","Sonjia Shelly","Sonjia Shelly","14:09","5:51",268078
"Shot BLK","ConnecticutCTW","14:40","#21 Sarah Schwenzfeier blocked by #17 Cassidy MacPherson2 Blk",77,2,"21 Sarah Schwenzfeier   17 Cassidy MacPherson","Even Strength",NA,"blocked",NA,NA,NA,0,"1 - 1 T","Sarah Schwenzfeier",21,"Cassidy MacPherson",17,NA,NA,14,40,"5:20",NA,NA,NA,NA,NA,NA,NA,NA,NA,NA,"T","1","1 ",2080,NA,1032,1152,"BUF","CTW",NA,"Mariah Fujimagari","Sonjia Shelly","Mariah Fujimagari","14:40","5:20",268078
"Shot","ConnecticutCTW","14:51","#21 Sarah Schwenzfeier saved by #37 Mariah Fujimagari",78,2,"21 Sarah Schwenzfeier   37 Mariah Fujimagari","Even Strength",NA,"saved",NA,NA,NA,0,"1 - 1 T","Sarah Schwenzfeier",21,"Mariah Fujimagari",37,NA,NA,14,51,"5:09",NA,NA,NA,NA,NA,NA,NA,NA,NA,NA,"T","1","1 ",2091,NA,1032,1152,"BUF","CTW",NA,"Mariah Fujimagari","Sonjia Shelly","Mariah Fujimagari","14:51","5:09",268078
"Shot","BuffaloBUF","15:22","#3 Brooke Stacey saved by #31 Sonjia Shelly",79,2,"3 Brooke Stacey   31 Sonjia Shelly","Even Strength",NA,"saved",NA,NA,NA,0,"1 - 1 T","Brooke Stacey",3,"Sonjia Shelly",31,NA,NA,15,22,"4:38",NA,NA,NA,NA,NA,NA,NA,NA,NA,NA,"T","1","1 ",2122,NA,1032,1152,"BUF","CTW",NA,"Mariah Fujimagari","Sonjia Shelly","Sonjia Shelly","15:22","4:38",268078
"Shot","ConnecticutCTW","17:10","#94 Grace Klienbach saved by #37 Mariah Fujimagari",80,2,"94 Grace Klienbach   37 Mariah Fujimagari","Even Strength",NA,"saved",NA,NA,NA,0,"1 - 1 T","Grace Klienbach",94,"Mariah Fujimagari",37,NA,NA,17,10,"2:50",NA,NA,NA,NA,NA,NA,NA,NA,NA,NA,"T","1","1 ",2230,NA,1032,1152,"BUF","CTW",NA,"Mariah Fujimagari","Sonjia Shelly","Mariah Fujimagari","17:10","2:50",268078
"Faceoff","ConnecticutCTW","17:12","#21 Sarah Schwenzfeier faceoff won against #88 Sara Bustad",81,2,"21 Sarah Schwenzfeier   88 Sara Bustad","Even Strength",NA,NA,NA,NA,NA,0,"1 - 1 T","Sarah Schwenzfeier",21,"Sara Bustad",88,NA,NA,17,12,"2:48",NA,NA,NA,NA,NA,NA,NA,NA,NA,NA,"T","1","1 ",2232,NA,1032,1152,"BUF","CTW",NA,"Mariah Fujimagari","Sonjia Shelly",NA,"17:12","2:48",268078
"Shot BLK","ConnecticutCTW","17:24","#7 Jane Morrisette blocked by #4 Marie-Jo Pelletier1 Blk",82,2,"7 Jane Morrisette   4 Marie-Jo Pelletier","Even Strength",NA,"blocked",NA,NA,NA,0,"1 - 1 T","Jane Morrisette",7,"Marie-Jo Pelletier",4,NA,NA,17,24,"2:36",NA,NA,NA,NA,NA,NA,NA,NA,NA,NA,"T","1","1 ",2244,NA,1032,1152,"BUF","CTW",NA,"Mariah Fujimagari","Sonjia Shelly","Mariah Fujimagari","17:24","2:36",268078
"Shot","ConnecticutCTW","17:28","#14 Elena Orlando saved by #37 Mariah Fujimagari",83,2,"14 Elena Orlo   37 Mariah Fujimagari","Even Strength",NA,"saved",NA,NA,NA,0,"1 - 1 T","Elena Orlo",14,"Mariah Fujimagari",37,NA,NA,17,28,"2:32",NA,NA,NA,NA,NA,NA,NA,NA,NA,NA,"T","1","1 ",2248,NA,1032,1152,"BUF","CTW",NA,"Mariah Fujimagari","Sonjia Shelly","Mariah Fujimagari","17:28","2:32",268078
"Faceoff","ConnecticutCTW","17:34","#21 Sarah Schwenzfeier faceoff won against #88 Sara Bustad",84,2,"21 Sarah Schwenzfeier   88 Sara Bustad","Even Strength",NA,NA,NA,NA,NA,0,"1 - 1 T","Sarah Schwenzfeier",21,"Sara Bustad",88,NA,NA,17,34,"2:26",NA,NA,NA,NA,NA,NA,NA,NA,NA,NA,"T","1","1 ",2254,NA,1032,1152,"BUF","CTW",NA,"Mariah Fujimagari","Sonjia Shelly",NA,"17:34","2:26",268078
"Shot","ConnecticutCTW","17:42","#21 Sarah Schwenzfeier saved by #37 Mariah Fujimagari",85,2,"21 Sarah Schwenzfeier   37 Mariah Fujimagari","Even Strength",NA,"saved",NA,NA,NA,0,"1 - 1 T","Sarah Schwenzfeier",21,"Mariah Fujimagari",37,NA,NA,17,42,"2:18",NA,NA,NA,NA,NA,NA,NA,NA,NA,NA,"T","1","1 ",2262,NA,1032,1152,"BUF","CTW",NA,"Mariah Fujimagari","Sonjia Shelly","Mariah Fujimagari","17:42","2:18",268078
"Shot","BuffaloBUF","18:39","#8 Iveta Klimasova saved by #31 Sonjia Shelly",86,2,"8 Iveta Klimasova   31 Sonjia Shelly","Even Strength",NA,"saved",NA,NA,NA,0,"1 - 1 T","Iveta Klimasova",8,"Sonjia Shelly",31,NA,NA,18,39,"1:21",NA,NA,NA,NA,NA,NA,NA,NA,NA,NA,"T","1","1 ",2319,NA,1032,1152,"BUF","CTW",NA,"Mariah Fujimagari","Sonjia Shelly","Sonjia Shelly","18:39","1:21",268078
"Penalty","BuffaloBUF","19:03","#8 Iveta Klimasova Roughing Minor 2 minsPower Play",87,2,"8 Iveta Klimasova","Power Play",NA,NA,"Minor","Roughing","2 mins",1,"1 - 1 T","Iveta Klimasova",8,NA,NA,NA,NA,19,3,"0:57",NA,NA,NA,NA,NA,NA,NA,NA,NA,NA,"T","1","1 ",2343,120,2343,2463,"BUF","CTW",NA,"Mariah Fujimagari","Sonjia Shelly",NA,"19:03","0:57",268078
"Faceoff","BuffaloBUF","19:03","#21 Kim Brown faceoff won against #15 Emma Vlasic",88,2,"21 Kim Brown   15 Emma Vlasic","Power Play",NA,NA,NA,NA,NA,0,"1 - 1 T","Kim Brown",21,"Emma Vlasic",15,NA,NA,19,3,"0:57",NA,NA,NA,NA,NA,NA,NA,NA,NA,NA,"T","1","1 ",2343,NA,2343,2463,"BUF","CTW",NA,"Mariah Fujimagari","Sonjia Shelly",NA,"19:03","0:57",268078
"Shot","ConnecticutCTW","19:56","#6 Shannon Doyle saved by #37 Mariah Fujimagari",89,2,"6 Shannon Doyle   37 Mariah Fujimagari","Power Play",NA,"saved",NA,NA,NA,0,"1 - 1 T","Shannon Doyle",6,"Mariah Fujimagari",37,NA,NA,19,56,"0:04",NA,NA,NA,NA,NA,NA,NA,NA,NA,NA,"T","1","1 ",2396,NA,2343,2463,"BUF","CTW",NA,"Mariah Fujimagari","Sonjia Shelly","Mariah Fujimagari","19:56","0:04",268078
"Shot","BuffaloBUF","02:19","#81 Erin Gehen saved by #31 Sonjia Shelly",90,3,"81 Erin Gehen   31 Sonjia Shelly","Even Strength",NA,"saved",NA,NA,NA,0,"1 - 1 T","Erin Gehen",81,"Sonjia Shelly",31,NA,NA,2,19,"17:41",NA,NA,NA,NA,NA,NA,NA,NA,NA,NA,"T","1","1 ",2539,NA,2343,2463,"BUF","CTW",NA,"Mariah Fujimagari","Sonjia Shelly","Sonjia Shelly","02:19","17:41",268078
"Faceoff","ConnecticutCTW","02:20","#16 Hanna Beattie faceoff won against #22 Becki Bowering",91,3,"16 Hanna Beattie   22 Becki Bowering","Even Strength",NA,NA,NA,NA,NA,0,"1 - 1 T","Hanna Beattie",16,"Becki Bowering",22,NA,NA,2,20,"17:40",NA,NA,NA,NA,NA,NA,NA,NA,NA,NA,"T","1","1 ",2540,NA,2343,2463,"BUF","CTW",NA,"Mariah Fujimagari","Sonjia Shelly",NA,"02:20","17:40",268078
"Shot BLK","BuffaloBUF","02:56","#95 Taylor Accursi blocked by #6 Shannon Doyle2 Blk",92,3,"95 Taylor Accursi   6 Shannon Doyle","Even Strength",NA,"blocked",NA,NA,NA,0,"1 - 1 T","Taylor Accursi",95,"Shannon Doyle",6,NA,NA,2,56,"17:04",NA,NA,NA,NA,NA,NA,NA,NA,NA,NA,"T","1","1 ",2576,NA,2343,2463,"BUF","CTW",NA,"Mariah Fujimagari","Sonjia Shelly","Sonjia Shelly","02:56","17:04",268078
"Shot","ConnecticutCTW","03:54","#94 Grace Klienbach saved by #37 Mariah Fujimagari",93,3,"94 Grace Klienbach   37 Mariah Fujimagari","Even Strength",NA,"saved",NA,NA,NA,0,"1 - 1 T","Grace Klienbach",94,"Mariah Fujimagari",37,NA,NA,3,54,"16:06",NA,NA,NA,NA,NA,NA,NA,NA,NA,NA,"T","1","1 ",2634,NA,2343,2463,"BUF","CTW",NA,"Mariah Fujimagari","Sonjia Shelly","Mariah Fujimagari","03:54","16:06",268078
"Shot BLK","BuffaloBUF","05:42","#95 Taylor Accursi blocked by #6 Shannon Doyle3 Blk",94,3,"95 Taylor Accursi   6 Shannon Doyle","Even Strength",NA,"blocked",NA,NA,NA,0,"1 - 1 T","Taylor Accursi",95,"Shannon Doyle",6,NA,NA,5,42,"14:18",NA,NA,NA,NA,NA,NA,NA,NA,NA,NA,"T","1","1 ",2742,NA,2343,2463,"BUF","CTW",NA,"Mariah Fujimagari","Sonjia Shelly","Sonjia Shelly","05:42","14:18",268078
"Penalty","BuffaloBUF","05:49","#22 Becki Bowering Slashing against #12 Kendra BroadMinor 2 minsPower Play",95,3,"22 Becki Bowering   12 Kendra Broad","Power Play",NA,NA,"Minor","Slashing","2 mins",1,"1 - 1 T","Becki Bowering",22,"Kendra Broad",12,NA,NA,5,49,"14:11",NA,NA,NA,NA,NA,NA,NA,NA,NA,NA,"T","1","1 ",2749,120,2749,2869,"BUF","CTW",NA,"Mariah Fujimagari","Sonjia Shelly",NA,"05:49","14:11",268078
"Faceoff","BuffaloBUF","05:50","#21 Kim Brown faceoff won against #15 Emma Vlasic",96,3,"21 Kim Brown   15 Emma Vlasic","Power Play",NA,NA,NA,NA,NA,0,"1 - 1 T","Kim Brown",21,"Emma Vlasic",15,NA,NA,5,50,"14:10",NA,NA,NA,NA,NA,NA,NA,NA,NA,NA,"T","1","1 ",2750,NA,2749,2869,"BUF","CTW",NA,"Mariah Fujimagari","Sonjia Shelly",NA,"05:50","14:10",268078
"Penalty","BuffaloBUF","05:51","#21 Kim Brown Hooking Minor 2 minsPower Play",97,3,"21 Kim Brown","Power Play",NA,NA,"Minor","Hooking","2 mins",1,"1 - 1 T","Kim Brown",21,NA,NA,NA,NA,5,51,"14:09",NA,NA,NA,NA,NA,NA,NA,NA,NA,NA,"T","1","1 ",2751,120,2751,2871,"BUF","CTW",NA,"Mariah Fujimagari","Sonjia Shelly",NA,"05:51","14:09",268078
"Faceoff","BuffaloBUF","05:51","#15 Kandice Sheriff faceoff won against #15 Emma Vlasic",98,3,"15 Kice Sheriff   15 Emma Vlasic","Power Play",NA,NA,NA,NA,NA,0,"1 - 1 T","Kice Sheriff",15,"Emma Vlasic",15,NA,NA,5,51,"14:09",NA,NA,NA,NA,NA,NA,NA,NA,NA,NA,"T","1","1 ",2751,NA,2751,2871,"BUF","CTW",NA,"Mariah Fujimagari","Sonjia Shelly",NA,"05:51","14:09",268078
"Shot","ConnecticutCTW","05:57","#7 Jane Morrisette saved by #37 Mariah Fujimagari",99,3,"7 Jane Morrisette   37 Mariah Fujimagari","Power Play",NA,"saved",NA,NA,NA,0,"1 - 1 T","Jane Morrisette",7,"Mariah Fujimagari",37,NA,NA,5,57,"14:03",NA,NA,NA,NA,NA,NA,NA,NA,NA,NA,"T","1","1 ",2757,NA,2751,2871,"BUF","CTW",NA,"Mariah Fujimagari","Sonjia Shelly","Mariah Fujimagari","05:57","14:03",268078
"Shot BLK","ConnecticutCTW","06:17","#6 Shannon Doyle blocked by #15 Kandice Sheriff2 Blk",100,3,"6 Shannon Doyle   15 Kice Sheriff","Power Play",NA,"blocked",NA,NA,NA,0,"1 - 1 T","Shannon Doyle",6,"Kice Sheriff",15,NA,NA,6,17,"13:43",NA,NA,NA,NA,NA,NA,NA,NA,NA,NA,"T","1","1 ",2777,NA,2751,2871,"BUF","CTW",NA,"Mariah Fujimagari","Sonjia Shelly","Mariah Fujimagari","06:17","13:43",268078
"Shot","ConnecticutCTW","06:45","#15 Emma Vlasic saved by #37 Mariah Fujimagari",101,3,"15 Emma Vlasic   37 Mariah Fujimagari","Power Play",NA,"saved",NA,NA,NA,0,"1 - 1 T","Emma Vlasic",15,"Mariah Fujimagari",37,NA,NA,6,45,"13:15",NA,NA,NA,NA,NA,NA,NA,NA,NA,NA,"T","1","1 ",2805,NA,2751,2871,"BUF","CTW",NA,"Mariah Fujimagari","Sonjia Shelly","Mariah Fujimagari","06:45","13:15",268078
"Faceoff","ConnecticutCTW","06:45","#21 Sarah Schwenzfeier faceoff won against #95 Taylor Accursi",102,3,"21 Sarah Schwenzfeier   95 Taylor Accursi","Power Play",NA,NA,NA,NA,NA,0,"1 - 1 T","Sarah Schwenzfeier",21,"Taylor Accursi",95,NA,NA,6,45,"13:15",NA,NA,NA,NA,NA,NA,NA,NA,NA,NA,"T","1","1 ",2805,NA,2751,2871,"BUF","CTW",NA,"Mariah Fujimagari","Sonjia Shelly",NA,"06:45","13:15",268078
"Shot","ConnecticutCTW","07:00","#7 Jane Morrisette saved by #37 Mariah Fujimagari",103,3,"7 Jane Morrisette   37 Mariah Fujimagari","Power Play",NA,"saved",NA,NA,NA,0,"1 - 1 T","Jane Morrisette",7,"Mariah Fujimagari",37,NA,NA,7,0,"12:00",NA,NA,NA,NA,NA,NA,NA,NA,NA,NA,"T","1","1 ",2820,NA,2751,2871,"BUF","CTW",NA,"Mariah Fujimagari","Sonjia Shelly","Mariah Fujimagari","07:00","12:00",268078
"Shot","ConnecticutCTW","07:09","#21 Sarah Schwenzfeier saved by #37 Mariah Fujimagari",104,3,"21 Sarah Schwenzfeier   37 Mariah Fujimagari","Power Play",NA,"saved",NA,NA,NA,0,"1 - 1 T","Sarah Schwenzfeier",21,"Mariah Fujimagari",37,NA,NA,7,9,"12:51",NA,NA,NA,NA,NA,NA,NA,NA,NA,NA,"T","1","1 ",2829,NA,2751,2871,"BUF","CTW",NA,"Mariah Fujimagari","Sonjia Shelly","Mariah Fujimagari","07:09","12:51",268078
"Shot BLK","ConnecticutCTW","07:21","#9 Kaycie Anderson blocked by #81 Erin Gehen1 Blk",105,3,"9 Kaycie Anderson   81 Erin Gehen","Power Play",NA,"blocked",NA,NA,NA,0,"1 - 1 T","Kaycie Anderson",9,"Erin Gehen",81,NA,NA,7,21,"12:39",NA,NA,NA,NA,NA,NA,NA,NA,NA,NA,"T","1","1 ",2841,NA,2751,2871,"BUF","CTW",NA,"Mariah Fujimagari","Sonjia Shelly","Mariah Fujimagari","07:21","12:39",268078
"Shot","ConnecticutCTW","07:24","#21 Sarah Schwenzfeier saved by #37 Mariah Fujimagari",106,3,"21 Sarah Schwenzfeier   37 Mariah Fujimagari","Power Play",NA,"saved",NA,NA,NA,0,"1 - 1 T","Sarah Schwenzfeier",21,"Mariah Fujimagari",37,NA,NA,7,24,"12:36",NA,NA,NA,NA,NA,NA,NA,NA,NA,NA,"T","1","1 ",2844,NA,2751,2871,"BUF","CTW",NA,"Mariah Fujimagari","Sonjia Shelly","Mariah Fujimagari","07:24","12:36",268078
"Faceoff","ConnecticutCTW","07:32","#15 Emma Vlasic faceoff won against #95 Taylor Accursi",107,3,"15 Emma Vlasic   95 Taylor Accursi","Power Play",NA,NA,NA,NA,NA,0,"1 - 1 T","Emma Vlasic",15,"Taylor Accursi",95,NA,NA,7,32,"12:28",NA,NA,NA,NA,NA,NA,NA,NA,NA,NA,"T","1","1 ",2852,NA,2751,2871,"BUF","CTW",NA,"Mariah Fujimagari","Sonjia Shelly",NA,"07:32","12:28",268078
"Shot","ConnecticutCTW","07:41","#24 Sarah Hughson saved by #37 Mariah Fujimagari",108,3,"24 Sarah Hughson   37 Mariah Fujimagari","Power Play",NA,"saved",NA,NA,NA,0,"1 - 1 T","Sarah Hughson",24,"Mariah Fujimagari",37,NA,NA,7,41,"12:19",NA,NA,NA,NA,NA,NA,NA,NA,NA,NA,"T","1","1 ",2861,NA,2751,2871,"BUF","CTW",NA,"Mariah Fujimagari","Sonjia Shelly","Mariah Fujimagari","07:41","12:19",268078
"Shot","ConnecticutCTW","07:53","#24 Sarah Hughson saved by #37 Mariah Fujimagari",109,3,"24 Sarah Hughson   37 Mariah Fujimagari","Even Strength",NA,"saved",NA,NA,NA,0,"1 - 1 T","Sarah Hughson",24,"Mariah Fujimagari",37,NA,NA,7,53,"12:07",NA,NA,NA,NA,NA,NA,NA,NA,NA,NA,"T","1","1 ",2873,NA,2751,2871,"BUF","CTW",NA,"Mariah Fujimagari","Sonjia Shelly","Mariah Fujimagari","07:53","12:07",268078
"Shot BLK","BuffaloBUF","08:23","#11 Megan Delay blocked by #6 Shannon Doyle4 Blk",110,3,"11 Megan Delay   6 Shannon Doyle","Even Strength",NA,"blocked",NA,NA,NA,0,"1 - 1 T","Megan Delay",11,"Shannon Doyle",6,NA,NA,8,23,"11:37",NA,NA,NA,NA,NA,NA,NA,NA,NA,NA,"T","1","1 ",2903,NA,2751,2871,"BUF","CTW",NA,"Mariah Fujimagari","Sonjia Shelly","Sonjia Shelly","08:23","11:37",268078
"Giveaway","ConnecticutCTW","08:50","#15 Emma Vlasic giveaway to #8 Iveta Klimasova1 GvA2 TkA",111,3,"15 Emma Vlasic   8 Iveta Klimasova","Even Strength",NA,NA,NA,NA,NA,0,"1 - 1 T","Emma Vlasic",15,"Iveta Klimasova",8,NA,NA,8,50,"11:10",NA,NA,NA,NA,NA,NA,NA,NA,NA,NA,"T","1","1 ",2930,NA,2751,2871,"BUF","CTW",NA,"Mariah Fujimagari","Sonjia Shelly",NA,"08:50","11:10",268078
"Giveaway","ConnecticutCTW","10:03","#16 Hanna Beattie giveaway to #23 Corinne Buie1 GvA3 TkA",112,3,"16 Hanna Beattie   23 Corinne Buie","Even Strength",NA,NA,NA,NA,NA,0,"1 - 1 T","Hanna Beattie",16,"Corinne Buie",23,NA,NA,10,3,"9:57",NA,NA,NA,NA,NA,NA,NA,NA,NA,NA,"T","1","1 ",3003,NA,2751,2871,"BUF","CTW",NA,"Mariah Fujimagari","Sonjia Shelly",NA,"10:03","9:57",268078
"Shot","ConnecticutCTW","10:47","#7 Jane Morrisette saved by #37 Mariah Fujimagari",113,3,"7 Jane Morrisette   37 Mariah Fujimagari","Even Strength",NA,"saved",NA,NA,NA,0,"1 - 1 T","Jane Morrisette",7,"Mariah Fujimagari",37,NA,NA,10,47,"9:13",NA,NA,NA,NA,NA,NA,NA,NA,NA,NA,"T","1","1 ",3047,NA,2751,2871,"BUF","CTW",NA,"Mariah Fujimagari","Sonjia Shelly","Mariah Fujimagari","10:47","9:13",268078
"Faceoff","BuffaloBUF","10:49","#15 Kandice Sheriff faceoff won against #15 Emma Vlasic",114,3,"15 Kice Sheriff   15 Emma Vlasic","Even Strength",NA,NA,NA,NA,NA,0,"1 - 1 T","Kice Sheriff",15,"Emma Vlasic",15,NA,NA,10,49,"9:11",NA,NA,NA,NA,NA,NA,NA,NA,NA,NA,"T","1","1 ",3049,NA,2751,2871,"BUF","CTW",NA,"Mariah Fujimagari","Sonjia Shelly",NA,"10:49","9:11",268078
"Faceoff","BuffaloBUF","10:50","#15 Kandice Sheriff faceoff won against #24 Sarah Hughson",115,3,"15 Kice Sheriff   24 Sarah Hughson","Even Strength",NA,NA,NA,NA,NA,0,"1 - 1 T","Kice Sheriff",15,"Sarah Hughson",24,NA,NA,10,50,"9:10",NA,NA,NA,NA,NA,NA,NA,NA,NA,NA,"T","1","1 ",3050,NA,2751,2871,"BUF","CTW",NA,"Mariah Fujimagari","Sonjia Shelly",NA,"10:50","9:10",268078
"Shot","BuffaloBUF","11:15","#95 Taylor Accursi saved by #31 Sonjia Shelly",116,3,"95 Taylor Accursi   31 Sonjia Shelly","Even Strength",NA,"saved",NA,NA,NA,0,"1 - 1 T","Taylor Accursi",95,"Sonjia Shelly",31,NA,NA,11,15,"8:45",NA,NA,NA,NA,NA,NA,NA,NA,NA,NA,"T","1","1 ",3075,NA,2751,2871,"BUF","CTW",NA,"Mariah Fujimagari","Sonjia Shelly","Sonjia Shelly","11:15","8:45",268078
"Penalty","ConnecticutCTW","11:47","#94 Grace Klienbach Interference against #19 Ashley BirdsallMinor 2 minsPower Play",117,3,"94 Grace Klienbach   19 Ashley Birdsall","Power Play",NA,NA,"Minor","Interference","2 mins",1,"1 - 1 T","Grace Klienbach",94,"Ashley Birdsall",19,NA,NA,11,47,"8:13",NA,NA,NA,NA,NA,NA,NA,NA,NA,NA,"T","1","1 ",3107,120,3107,3227,"BUF","CTW",NA,"Mariah Fujimagari","Sonjia Shelly",NA,"11:47","8:13",268078
"Faceoff","ConnecticutCTW","11:51","#21 Sarah Schwenzfeier faceoff won against #22 Becki Bowering",118,3,"21 Sarah Schwenzfeier   22 Becki Bowering","Power Play",NA,NA,NA,NA,NA,0,"1 - 1 T","Sarah Schwenzfeier",21,"Becki Bowering",22,NA,NA,11,51,"8:09",NA,NA,NA,NA,NA,NA,NA,NA,NA,NA,"T","1","1 ",3111,NA,3107,3227,"BUF","CTW",NA,"Mariah Fujimagari","Sonjia Shelly",NA,"11:51","8:09",268078
"Shot","BuffaloBUF","13:40","#11 Megan Delay saved by #31 Sonjia Shelly",119,3,"11 Megan Delay   31 Sonjia Shelly","Power Play",NA,"saved",NA,NA,NA,0,"1 - 1 T","Megan Delay",11,"Sonjia Shelly",31,NA,NA,13,40,"6:20",NA,NA,NA,NA,NA,NA,NA,NA,NA,NA,"T","1","1 ",3220,NA,3107,3227,"BUF","CTW",NA,"Mariah Fujimagari","Sonjia Shelly","Sonjia Shelly","13:40","6:20",268078
"Shot BLK","BuffaloBUF","13:57","#8 Iveta Klimasova blocked by #6 Shannon Doyle5 Blk",120,3,"8 Iveta Klimasova   6 Shannon Doyle","Even Strength",NA,"blocked",NA,NA,NA,0,"1 - 1 T","Iveta Klimasova",8,"Shannon Doyle",6,NA,NA,13,57,"6:03",NA,NA,NA,NA,NA,NA,NA,NA,NA,NA,"T","1","1 ",3237,NA,3107,3227,"BUF","CTW",NA,"Mariah Fujimagari","Sonjia Shelly","Sonjia Shelly","13:57","6:03",268078
"Faceoff","BuffaloBUF","14:13","#88 Sara Bustad faceoff won against #21 Sarah Schwenzfeier",121,3,"88 Sara Bustad   21 Sarah Schwenzfeier","Even Strength",NA,NA,NA,NA,NA,0,"1 - 1 T","Sara Bustad",88,"Sarah Schwenzfeier",21,NA,NA,14,13,"5:47",NA,NA,NA,NA,NA,NA,NA,NA,NA,NA,"T","1","1 ",3253,NA,3107,3227,"BUF","CTW",NA,"Mariah Fujimagari","Sonjia Shelly",NA,"14:13","5:47",268078
"Shot BLK","BuffaloBUF","15:34","#23 Corinne Buie blocked by #4 Taylor Marchin2 Blk",122,3,"23 Corinne Buie   4 Taylor Marchin","Even Strength",NA,"blocked",NA,NA,NA,0,"1 - 1 T","Corinne Buie",23,"Taylor Marchin",4,NA,NA,15,34,"4:26",NA,NA,NA,NA,NA,NA,NA,NA,NA,NA,"T","1","1 ",3334,NA,3107,3227,"BUF","CTW",NA,"Mariah Fujimagari","Sonjia Shelly","Sonjia Shelly","15:34","4:26",268078
"Shot BLK","BuffaloBUF","16:12","#4 Marie-Jo Pelletier blocked by #14 Elena Orlando2 Blk",123,3,"4 Marie-Jo Pelletier   14 Elena Orlo","Even Strength",NA,"blocked",NA,NA,NA,0,"1 - 1 T","Marie-Jo Pelletier",4,"Elena Orlo",14,NA,NA,16,12,"3:48",NA,NA,NA,NA,NA,NA,NA,NA,NA,NA,"T","1","1 ",3372,NA,3107,3227,"BUF","CTW",NA,"Mariah Fujimagari","Sonjia Shelly","Sonjia Shelly","16:12","3:48",268078
"Shot","ConnecticutCTW","16:45","#6 Shannon Doyle saved by #37 Mariah Fujimagari",124,3,"6 Shannon Doyle   37 Mariah Fujimagari","Even Strength",NA,"saved",NA,NA,NA,0,"1 - 1 T","Shannon Doyle",6,"Mariah Fujimagari",37,NA,NA,16,45,"3:15",NA,NA,NA,NA,NA,NA,NA,NA,NA,NA,"T","1","1 ",3405,NA,3107,3227,"BUF","CTW",NA,"Mariah Fujimagari","Sonjia Shelly","Mariah Fujimagari","16:45","3:15",268078
"Goal","BuffaloBUF","16:52","#3 Brooke Stacey from #19 Ashley Birdsall and #8 Iveta KlimasovaEven Strength2 - 1 BUF",125,3,"3 Brooke Stacey  19 Ashley Birdsall  8 Iveta Klimasova","Even Strength",NA,"made",NA,NA,NA,0,"2 - 1 BUF","Brooke Stacey",3,"Ashley Birdsall",19,"Iveta Klimasova",8,16,52,"3:08","Iveta Klimasova","8","Brooke Stacey","3","Ashley Birdsall","19","Cassidy MacPherson","17","Ana Orzechowski","12","BUF","2","1 ",3412,NA,3107,3227,"BUF","CTW",NA,"Mariah Fujimagari","Sonjia Shelly","Sonjia Shelly","16:52","3:08",268078
"Faceoff","BuffaloBUF","16:53","#15 Kandice Sheriff faceoff won against #21 Sarah Schwenzfeier",127,3,"15 Kice Sheriff   21 Sarah Schwenzfeier","Even Strength",NA,NA,NA,NA,NA,0,"2 - 1 BUF","Kice Sheriff",15,"Sarah Schwenzfeier",21,NA,NA,16,53,"3:07",NA,NA,NA,NA,NA,NA,NA,NA,NA,NA,"BUF","2","1 ",3413,NA,3107,3227,"BUF","CTW",NA,"Mariah Fujimagari","Sonjia Shelly",NA,"16:53","3:07",268078
"Shot","ConnecticutCTW","18:30","#24 Sarah Hughson saved by #37 Mariah Fujimagari",128,3,"24 Sarah Hughson   37 Mariah Fujimagari","Even Strength",NA,"saved",NA,NA,NA,0,"2 - 1 BUF","Sarah Hughson",24,"Mariah Fujimagari",37,NA,NA,18,30,"1:30",NA,NA,NA,NA,NA,NA,NA,NA,NA,NA,"BUF","2","1 ",3510,NA,3107,3227,"BUF","CTW",NA,"Mariah Fujimagari","Sonjia Shelly","Mariah Fujimagari","18:30","1:30",268078
"Timeout","ConnecticutCTW","18:40","",129,3,"","Even Strength",NA,NA,NA,NA,NA,0,"2 - 1 BUF",NA,NA,NA,NA,NA,NA,18,40,"1:20",NA,NA,NA,NA,NA,NA,NA,NA,NA,NA,"BUF","2","1 ",3520,NA,3107,3227,"BUF","CTW",NA,"Mariah Fujimagari","Sonjia Shelly",NA,"18:40","1:20",268078
"Shot BLK","ConnecticutCTW","18:42","#6 Shannon Doyle blocked by #22 Becki Bowering1 Blk",130,3,"6 Shannon Doyle   22 Becki Bowering","Even Strength",NA,"blocked",NA,NA,NA,0,"2 - 1 BUF","Shannon Doyle",6,"Becki Bowering",22,NA,NA,18,42,"1:18",NA,NA,NA,NA,NA,NA,NA,NA,NA,NA,"BUF","2","1 ",3522,NA,3107,3227,"BUF","CTW",NA,"Mariah Fujimagari","Sonjia Shelly","Mariah Fujimagari","18:42","1:18",268078
"Shot","ConnecticutCTW","18:44","#6 Shannon Doyle saved by #37 Mariah Fujimagari",131,3,"6 Shannon Doyle   37 Mariah Fujimagari","Even Strength",NA,"saved",NA,NA,NA,0,"2 - 1 BUF","Shannon Doyle",6,"Mariah Fujimagari",37,NA,NA,18,44,"1:16",NA,NA,NA,NA,NA,NA,NA,NA,NA,NA,"BUF","2","1 ",3524,NA,3107,3227,"BUF","CTW",NA,"Mariah Fujimagari","Sonjia Shelly","Mariah Fujimagari","18:44","1:16",268078
"Faceoff","ConnecticutCTW","18:44","#15 Emma Vlasic faceoff won against #22 Becki Bowering",132,3,"15 Emma Vlasic   22 Becki Bowering","Even Strength",NA,NA,NA,NA,NA,0,"2 - 1 BUF","Emma Vlasic",15,"Becki Bowering",22,NA,NA,18,44,"1:16",NA,NA,NA,NA,NA,NA,NA,NA,NA,NA,"BUF","2","1 ",3524,NA,3107,3227,"BUF","CTW",NA,"Mariah Fujimagari","Sonjia Shelly",NA,"18:44","1:16",268078
"Timeout","BuffaloBUF","18:47","",133,3,"","Even Strength",NA,NA,NA,NA,NA,0,"2 - 1 BUF",NA,NA,NA,NA,NA,NA,18,47,"1:13",NA,NA,NA,NA,NA,NA,NA,NA,NA,NA,"BUF","2","1 ",3527,NA,3107,3227,"BUF","CTW",NA,"Mariah Fujimagari","Sonjia Shelly",NA,"18:47","1:13",268078
"Faceoff","BuffaloBUF","19:25","#95 Taylor Accursi faceoff won against #15 Emma Vlasic",135,3,"95 Taylor Accursi   15 Emma Vlasic","Even Strength",NA,NA,NA,NA,NA,0,"2 - 1 BUF","Taylor Accursi",95,"Emma Vlasic",15,NA,NA,19,25,"0:35",NA,NA,NA,NA,NA,NA,NA,NA,NA,NA,"BUF","2","1 ",3565,NA,3107,3227,"BUF","CTW",NA,"Mariah Fujimagari",NA,NA,"19:25","0:35",268078
"Goal","BuffaloBUF","19:36","#23 Corinne Buie from #95 Taylor AccursiEven StrengthEmpty Net3 - 1 BUF",136,3,"23 Corinne Buie  95 Taylor Accursi","Even Strength",NA,"made",NA,NA,NA,0,"3 - 1 BUF","Corinne Buie",23,"Taylor Accursi",95,NA,NA,19,36,"0:24","Becki Bowering","22","Corinne Buie","23","Taylor Accursi","95","Lenka Curmova","5","Marie-Jo Pelletier","4","BUF","3","1 ",3576,NA,3107,3227,"BUF","CTW",NA,"Mariah Fujimagari",NA,NA,"19:36","0:24",268078
"Faceoff","BuffaloBUF","19:40","#12 Ana Orzechowski faceoff won against #21 Sarah Schwenzfeier",139,3,"12 Ana Orzechowski   21 Sarah Schwenzfeier","Even Strength",NA,NA,NA,NA,NA,0,"3 - 1 BUF","Ana Orzechowski",12,"Sarah Schwenzfeier",21,NA,NA,19,40,"0:20",NA,NA,NA,NA,NA,NA,NA,NA,NA,NA,"BUF","3","1 ",3580,NA,3107,3227,"BUF","CTW",NA,"Mariah Fujimagari","Sonjia Shelly",NA,"19:40","0:20",268078
